itemCode,cityCode
8R5ENT,Y8L2KM
J1NRK9,J7M3WB
AAR3AZ,L8Y2FN
X6L46D,G4H6VP
YYO265,M2Z8LP
I5FI7W,A7K3QX
XEZ9FN,K9F2MD
Q8U9E3,C6F1YP
9VLR10,X8P2KF
9759ZN,C4V8MK
17YCPS,K9F2MD
96EPK6,B4P9HZ
8JT15T,P8N1XR
IFLMFR,B4P9HZ
29SCSW,Q5M7TW
J23Q53,R4H9LF
MWGCXC,W9R3KC
QJMZTT,W3T9NP
CJON4D,J2Q5LB
98ITYU,N8C2QW
AMM6SF,N8C2QW
VT2ZFL,X3N7LD
SIN074,N1W8GH
H9SQ51,B6K4YH
5QKISV,F8Q1RL
SEGKXS,H6Y1CB
SOB3VN,B6K4YH
RLYI3U,L6F5QB
C9ZOGU,N8C2QW
BDXE5L,D4X6KC
EAAON1,M7X3KP
1HGR7Z,N6T3QF
EE198P,K7R2HP
RT0H8D,T1K5QW
EWV1PG,R1W7XD
1M949C,K2T8MH
VEOEKK,N8C2QW
77KYYW,J7M3WB
LRLM31,H1P6ZQ
V607U6,P8N1XR
PH68EG,N1W8GH
A94ZZ4,B4P9HZ
QJVP4F,M7X3KP
7ERPXR,L8Y2FN
QAVLN5,K7R2HP
8IR354,M8V4RB
V2GYC3,B4P9HZ
EFR544,V2H8SN
A4SQL6,L6F5QB
MZYG0Z,C6F1YP
5ETH2O,W3T9NP
UBIHY2,J2Q5LB
8PNZZU,G4H6VP
9ZWNKQ,R1W7XD
XJY0AY,T6R4PX
HTDZRK,C4V8MK
LUMY1O,R4H9LF
K0H1A0,L6F5QB
N5KWK8,X8P2KF
8NHMCO,H3K7YM
93DBK5,T2W6VN
0GUI6V,C6F1YP
8NHMCO,Q9D4JC
8YLCEE,T6R4PX
H7Z2AP,M8V4RB
AA70S7,N1W8GH
7IM4EK,V7K1RC
JT4IUD,P5L7QZ
8NVN65,V2H8SN
DA8YAL,R9T4VN
SCJGT7,W9R3KC
1R62LJ,Q5M7TW
WG6XVE,G4H6VP
A1AAAX,R4H9LF
F9GONM,L6F5QB
D482SK,R1W7XD
33M8Q5,C7J5TA
IN7MEE,X3N7LD
YKI3Q2,D9Y6TN
RIDVV4,T6R4PX
IP2YKD,W9R3KC
1LJZN0,H1P6ZQ
Z7FIMC,X3N7LD
69IJPV,H6Y1CB
XU12YP,X3N7LD
LLJOE4,G4H6VP
OW8GPX,N6T3QF
PDZ5B8,P8N1XR
F617VE,N1W8GH
R1HIQW,C6F1YP
IF6T2F,K2T8MH
OTTCIR,G4H6VP
BKQ4HJ,X8P2KF
5CWZKW,X1T9WD
G351YQ,D7Q4VX
UCKH86,G4H6VP
RFHTR7,P8N1XR
1N2KUR,D9Y6TN
DKS2WB,T6R4PX
EQZGG9,N8C2QW
0HRYQC,M7X3KP
XLJZ6D,P7C9TN
Z17V1J,D4X6KC
4SPHDP,R1W7XD
2VFDZX,M7X3KP
1DPMPM,L6F5QB
BPZ2CX,W3T9NP
BNZEUF,C7J5TA
RQOX84,Q4N7WD
X766B6,L6F5QB
VEOEKK,J2Q5LB
T1MTN4,K9F2MD
I5UWGT,T1K5QW
74U2G4,Q9D4JC
85FRJK,G4H6VP
1VDONT,D7Q4VX
2AUW8Q,D9Y6TN
F47JX8,V7K1RC
VFV0QF,X1T9WD
EZW42X,R1W7XD
D315ZL,Q4N7WD
JF95EL,Y8L2KM
XK86ZQ,M7X3KP
UQN6M6,D9Y6TN
WBGFJX,W3T9NP
X1ABW2,V7K1RC
9E6PI5,Y1V7DM
T8VCHB,D7Q4VX
J1NRK9,M2Z8LP
JKCMUU,H6Y1CB
HV4QGZ,R4H9LF
0WL6VR,P8N1XR
RFCA46,F8Q1RL
6PAW3W,P5L7QZ
VBOBGJ,F8Q1RL
JUVU5A,X3N7LD
10BYCF,C6F1YP
00X9JE,J2Q5LB
NFA78Q,Y8L2KM
E82WSJ,T1K5QW
HLXMIT,G5P8TX
4WMQ61,V2H8SN
QAVLN5,P5L7QZ
QGTT8H,R1W7XD
8H1B1D,W3T9NP
SCBA0B,N1W8GH
43BLF8,P5L7QZ
3XRY4B,W3T9NP
9134U0,T2W6VN
QQAPOK,R9T4VN
G5VY45,P7C9TN
95X154,K9F2MD
E135ZR,J2Q5LB
JO1M5D,H1P6ZQ
TKUMKQ,W9R3KC
C0ER3H,K7R2HP
BNYO12,J7M3WB
BNYHWY,T1K5QW
S3CD0M,N6T3QF
8NJAZT,C4V8MK
Z5OZHB,X1T9WD
HWEN13,K9F2MD
5RNCIU,T6R4PX
ZQPVY5,P5L7QZ
QZSCFG,L8Y2FN
ZQPVY5,W9R3KC
R96OQW,M7X3KP
EAEEFA,N1W8GH
AAROBP,K2T8MH
B2N2FN,R4H9LF
Q4HGJG,B6K4YH
3LB8Z8,B6K4YH
Q84W61,T1K5QW
QZXXNI,Q4N7WD
7THLUQ,G4H6VP
3WI0RI,M8V4RB
EGKLJ8,C6F1YP
0QEFFE,Y1V7DM
0PFWHD,X3N7LD
224ANY,V2H8SN
SRSTO3,P8N1XR
QLQAIY,H1P6ZQ
CI2FLC,C7J5TA
8OCA9M,C7J5TA
T19KNQ,X8P2KF
7ITX98,N6T3QF
J1MVFK,W3T9NP
YQGQ45,H1P6ZQ
R7XVGX,X8P2KF
UYGOEA,D4X6KC
VYCQ68,K2T8MH
P9PAD0,D7Q4VX
N7H2TW,L3V9RM
5VV9VX,Q5M7TW
HX02P9,R1W7XD
6KW2M1,Q9D4JC
2HRVEV,L3V9RM
PTFF4O,R9T4VN
YCJ6WQ,R4H9LF
QP1VZT,R4H9LF
YEZD6C,F3M8XW
I5FI7W,D4X6KC
1RDDQV,K9F2MD
B30DS2,K9F2MD
BO26U3,K7R2HP
LTGESV,Y1V7DM
HRTZLU,D7Q4VX
404CKS,K7R2HP
KG5UZ8,R4H9LF
F0UHDU,L8Y2FN
3C2DOW,L3V9RM
UFIMS3,Y1V7DM
4UCGAU,X1T9WD
7ATSFU,P5L7QZ
KQ4ZBT,P7C9TN
JRCX2E,H1P6ZQ
F3IEH2,A7K3QX
1AZUF8,G4H6VP
1NXRMU,V2H8SN
1M7CBN,H6Y1CB
WTP2MJ,H3K7YM
TG9S4Z,B6K4YH
5VV9VX,N6T3QF
F81MA0,K2T8MH
41UQQ4,G4H6VP
QTEMXS,D4X6KC
HTDZRK,D9Y6TN
NU4JDV,L3V9RM
EYIRS7,C7J5TA
7DFI8W,D7Q4VX
6KJODP,B4P9HZ
X766B6,K7R2HP
KUZBNQ,Q9D4JC
9WOGUJ,M7X3KP
MJPFI4,V7K1RC
GOSTGO,P8N1XR
8OCA9M,Y8L2KM
TY5RX4,R4H9LF
WP3A6I,N8C2QW
10HXOZ,H1P6ZQ
R6WXRP,R1W7XD
J1MVFK,Q4N7WD
MKDGJI,A7K3QX
0K44ZO,K7R2HP
1R62LJ,D9Y6TN
HWEN13,H3K7YM
LTCHHZ,N1W8GH
SUBU66,M2Z8LP
03G9TC,W9R3KC
TG9S4Z,P8N1XR
FI03YS,K2T8MH
2W61FH,X3N7LD
FTIPT6,X1T9WD
LQ19Q0,H6Y1CB
SH114T,K7R2HP
7VHGWT,T1K5QW
SEW1R1,L8Y2FN
GCHBH5,V2H8SN
TDRG36,L3V9RM
1M7CBN,Q9D4JC
WITR24,G4H6VP
IWSYEK,B4P9HZ
TUR8LC,H1P6ZQ
22O26E,T1K5QW
80BBE5,K7R2HP
OLLQ7W,B4P9HZ
DR1BWY,G4H6VP
ES20EA,J2Q5LB
RGDA7H,M7X3KP
RX7KJP,P8N1XR
2R7XPZ,T1K5QW
1O4EZC,D4X6KC
XB0P5Y,L8Y2FN
346YTY,H3K7YM
AAROBP,F3M8XW
H16I1Q,G5P8TX
NP409J,C4V8MK
HGY9E9,T2W6VN
F42GR8,X3N7LD
KJ8EPY,W3T9NP
QZ6YT3,L3V9RM
VCF903,L3V9RM
LUE6BR,K7R2HP
6JQQMJ,Q5M7TW
QTEMXS,H6Y1CB
EV0IW0,K2T8MH
E5SOMO,P7C9TN
8B0NQO,F8Q1RL
CFI1QZ,A7K3QX
HY4XYO,J2Q5LB
06OTEA,W9R3KC
GXE9YV,X8P2KF
BP8HJI,N6T3QF
6L1QVY,T6R4PX
BVPKXR,B6K4YH
9OWHR6,Q4N7WD
R4LJC8,T1K5QW
A7N8KJ,M7X3KP
ESFE03,K2T8MH
7ATSFU,X1T9WD
MZYG0Z,N1W8GH
O06GLV,L6F5QB
GUOI63,D9Y6TN
IFVH5T,Q5M7TW
IAL07Z,X8P2KF
F0UHDU,Q5M7TW
0HRYQC,Y1V7DM
RLFA3A,B6K4YH
5DL0LF,R1W7XD
B3JXF9,C4V8MK
OVNSME,M8V4RB
XDQCRT,W9R3KC
RHN29B,X8P2KF
G67VWK,T1K5QW
KQ43OC,H1P6ZQ
VH8P8I,L3V9RM
XVL9CO,H1P6ZQ
MVX5AL,Q5M7TW
GGAUAZ,Q9D4JC
KBABJH,W9R3KC
D3CAX2,N8C2QW
FTIPT6,N8C2QW
VM0G1G,B6K4YH
5OKMEN,K2T8MH
U76MQC,K2T8MH
FQMB67,F8Q1RL
9ZWNKQ,L6F5QB
A9XXEY,V7K1RC
832HQB,W9R3KC
KJK6PW,M2Z8LP
DXKZ8N,Q5M7TW
L1618Y,T1K5QW
A8RCAX,J2Q5LB
P9PAD0,P5L7QZ
97HPWC,N6T3QF
6BDM9F,M7X3KP
ABHQNT,J7M3WB
FV7HXD,P5L7QZ
IIXD40,P8N1XR
0UN1L3,F3M8XW
DZ0RB9,H6Y1CB
4543QR,H6Y1CB
CB1Q10,P7C9TN
C84LL3,P7C9TN
W88D35,X1T9WD
WDLY6I,D4X6KC
K7F21X,L3V9RM
SO0LY9,L8Y2FN
LW9HVF,P8N1XR
FPV8GM,D4X6KC
7CF38O,Q9D4JC
FFZIZE,C6F1YP
SUBU66,J2Q5LB
U0NRXY,X1T9WD
DKBY1C,J2Q5LB
WTP2MJ,C6F1YP
F3XDRW,L3V9RM
22WXMX,N1W8GH
LBJ510,D7Q4VX
39ADJ6,Y1V7DM
OZP1D8,Y8L2KM
PCKHYV,G5P8TX
BJ21EF,R4H9LF
SCBA0B,K7R2HP
HWEN13,R4H9LF
BZ9BT7,R4H9LF
2CBXMB,H3K7YM
TZ0L10,V2H8SN
WEHSO9,M2Z8LP
040UAH,L3V9RM
QH0DNY,M2Z8LP
O7VEDN,B6K4YH
HG5G3Z,D7Q4VX
F0DD3F,P5L7QZ
NP92UO,N6T3QF
5HDS5O,Q4N7WD
YEAC34,F8Q1RL
EV0IW0,W3T9NP
M012IG,V7K1RC
498UCD,K9F2MD
T6CCUW,G4H6VP
N1VOU3,J7M3WB
ORSIGH,B6K4YH
4QVYWX,B4P9HZ
ZVNMFG,G4H6VP
7VPRMN,K2T8MH
EQZGG9,X8P2KF
F7SNO0,V2H8SN
8E8UXV,L3V9RM
ENXF3R,D9Y6TN
6I33NW,R9T4VN
HP6P1X,K2T8MH
WZGMKL,X1T9WD
NZ4YOE,K9F2MD
Y8DR1P,A7K3QX
9ELRKV,K9F2MD
1R62LJ,H1P6ZQ
6L1QVY,N1W8GH
CFWR7R,D9Y6TN
1RNH3I,M2Z8LP
7PMVWP,A7K3QX
0KKQUN,M7X3KP
2MHRQZ,H1P6ZQ
7LIN7B,K2T8MH
LV1EVP,H3K7YM
GCHBH5,J2Q5LB
IFVH5T,R9T4VN
KQ4ZBT,D4X6KC
PF81UT,R1W7XD
QIYUZS,D7Q4VX
X4ZE9E,M2Z8LP
SQO1AO,L3V9RM
BE5RWG,H1P6ZQ
QCV12B,L8Y2FN
0ZZF5M,K2T8MH
5J97W5,P5L7QZ
EHKW3N,C7J5TA
MOQP9V,Q9D4JC
7XNB53,P8N1XR
QP1JKE,G5P8TX
5S5GSI,T1K5QW
AR4ISR,G4H6VP
Y8DR1P,R1W7XD
RKK5RS,T2W6VN
HOKIZ1,F8Q1RL
OZV2UB,D9Y6TN
ZB20HD,H1P6ZQ
QE57OZ,B4P9HZ
0P53CO,R9T4VN
7MNKNT,B6K4YH
RIUQVF,T2W6VN
8G330C,F3M8XW
MJ14XO,C7J5TA
7BO0QA,R4H9LF
7XKTZV,R1W7XD
GSMAJO,G4H6VP
UHDQQI,J2Q5LB
3GNA00,T6R4PX
VQ4WBP,N1W8GH
F0JMBF,C7J5TA
6J0JWN,T6R4PX
ITY2U6,J7M3WB
8MO3NN,X1T9WD
CI7JGQ,C6F1YP
P6V96L,N6T3QF
346YTY,C7J5TA
H9SQ51,T2W6VN
OKSLF0,X1T9WD
BTGBXB,Y1V7DM
A5WE5C,P8N1XR
4BZ7T7,X8P2KF
6A85BN,T1K5QW
OTTCIR,C6F1YP
9ZWNKQ,G5P8TX
DR1BWY,K7R2HP
KJIUI9,N8C2QW
QJVBQX,K2T8MH
T8US0Y,R9T4VN
A97IEQ,T6R4PX
GW6V3R,W3T9NP
64FYZQ,R9T4VN
R4LJC8,C6F1YP
RS5F7B,X3N7LD
OI7YAP,J2Q5LB
9HT3TL,D9Y6TN
GU9SKW,D4X6KC
QXZVR4,R4H9LF
CV6VM3,W9R3KC
HX2H19,D4X6KC
GSPLFB,D7Q4VX
S437Y3,L8Y2FN
BEIX4H,N8C2QW
3SUQYC,X1T9WD
6HU3AA,R1W7XD
7OESKW,T2W6VN
OEUY66,X1T9WD
QCZSVJ,N1W8GH
O3EHCE,P5L7QZ
ZRMB6W,W9R3KC
FJGZHX,L3V9RM
R1HIQW,G4H6VP
MWGCXC,G4H6VP
77FXV9,H3K7YM
GPAONK,M8V4RB
WITR48,H1P6ZQ
MC6XA6,X3N7LD
X8CVX3,Y1V7DM
9UPAFB,T2W6VN
J4WPP5,T6R4PX
J9WPNX,Y1V7DM
6IR6FY,G4H6VP
ZBLGL3,Q4N7WD
SCJGT7,K2T8MH
I0XV9P,N6T3QF
64BWOZ,K7R2HP
R49FA6,X8P2KF
OLRKJJ,X3N7LD
9ECEG9,L6F5QB
MJ14XO,J2Q5LB
QWFHZK,G5P8TX
THRBUV,G4H6VP
6LO328,M7X3KP
LZGZV3,H6Y1CB
D8F1TS,P5L7QZ
FBPM96,J7M3WB
315Z7D,N8C2QW
B3371J,T6R4PX
YOSL94,J7M3WB
2F3AYM,K2T8MH
CDL9EK,B4P9HZ
3D1FLO,K7R2HP
7YURUL,R1W7XD
YCFFSD,J2Q5LB
S3CD0M,B6K4YH
9759ZN,P8N1XR
XK86ZQ,G4H6VP
E42UNR,H3K7YM
E78E1L,L3V9RM
KMGYWS,H3K7YM
61KVS3,J7M3WB
857FQV,F3M8XW
MTIYIT,B4P9HZ
0UN1L3,B4P9HZ
BTE95X,D7Q4VX
YLCY7V,H3K7YM
JX99UI,K9F2MD
IIXD40,B4P9HZ
YZ8CSE,T2W6VN
K0KPZT,L6F5QB
56S4DH,G4H6VP
LTCHHZ,W3T9NP
4OSBP8,J7M3WB
SOWKOG,X8P2KF
WD2HDE,Q5M7TW
A94ZZ4,M7X3KP
O6YIYS,P8N1XR
FUZOQB,X8P2KF
ZJCK3D,P5L7QZ
PAMR9J,D4X6KC
JT5IZA,K9F2MD
GQ6GTK,C7J5TA
O6YIYS,H3K7YM
C3JV1H,W3T9NP
RZUDYD,G4H6VP
QJVBQX,L3V9RM
1R62LJ,K7R2HP
Z7FIMC,R4H9LF
XKUCSV,Y8L2KM
9134U0,W3T9NP
ENEFGO,J2Q5LB
9A1UPU,X1T9WD
HRTZLU,X1T9WD
V8GNWN,L8Y2FN
VF4VTF,K9F2MD
DMBP0Z,N1W8GH
2J77PN,N8C2QW
XR0Y86,N8C2QW
RIS4CE,P8N1XR
XTP4LT,R4H9LF
QHJEF7,Q4N7WD
56S4DH,K7R2HP
XBSKE6,N1W8GH
5UJFOX,M7X3KP
IG56BB,T2W6VN
LXEOFG,L6F5QB
W02RRE,X3N7LD
2P8H5F,M7X3KP
GUFB0Q,L8Y2FN
M74XQI,T6R4PX
DTKSQS,C6F1YP
F41G2V,Q9D4JC
LHI83C,T2W6VN
MF12P3,A7K3QX
QJVP4F,Q4N7WD
KJ1N8E,D4X6KC
KED7GH,F3M8XW
OAAMAU,M7X3KP
T19KNQ,L6F5QB
ZW23U0,P5L7QZ
7MNKNT,P8N1XR
N8MQXS,W9R3KC
JUDJ01,Q5M7TW
07PHA7,C4V8MK
CNR202,C7J5TA
95X154,D7Q4VX
4KZRAQ,J2Q5LB
7RSVK7,D4X6KC
3PKHP7,N1W8GH
CJON4D,A7K3QX
LOHF6N,B6K4YH
D1Y4FF,Y8L2KM
EV0IW0,D9Y6TN
KTXGI4,Q4N7WD
J7Q8YX,K7R2HP
ZVOY5G,P7C9TN
4YBR02,L6F5QB
FI03YS,D9Y6TN
WUJKPF,H3K7YM
V2P87Q,G5P8TX
99JHC2,Q4N7WD
MH4UHS,Q4N7WD
XNN9T6,N1W8GH
9759ZN,R4H9LF
AS638D,P8N1XR
7ERPXR,R4H9LF
IF6T2F,M2Z8LP
B3JXF9,X1T9WD
FOS8N6,Q4N7WD
HLHXYZ,F3M8XW
A0ZDFK,P5L7QZ
J164R3,W9R3KC
TMF4DK,H3K7YM
PP2BHP,J2Q5LB
0KVET5,C6F1YP
K83UAG,C4V8MK
L476E3,P8N1XR
T86NJX,R1W7XD
WTTN9T,J2Q5LB
PGJRED,K9F2MD
R9KXKB,B6K4YH
R9DH9X,R9T4VN
2Q3RM2,C6F1YP
IOZX74,J2Q5LB
M5FLGC,D4X6KC
MTIYIT,J2Q5LB
DV2JY7,N6T3QF
YV9HLK,N6T3QF
BI378T,Y8L2KM
F6ZIYO,M2Z8LP
O4YLE9,W9R3KC
RLFA3A,F3M8XW
0UVHVR,R9T4VN
DX0MQC,T6R4PX
CVTAM0,C7J5TA
EF0YNS,C4V8MK
Z99DCQ,G4H6VP
7WNMLF,M7X3KP
3QUHKJ,V2H8SN
WFB0NG,K2T8MH
DB4T8F,G4H6VP
RUSGH1,D7Q4VX
I6PAL9,Y1V7DM
UTYPKV,V7K1RC
GI0TO0,L8Y2FN
2W61FH,F8Q1RL
NDA49N,X1T9WD
A97IEQ,D7Q4VX
T1SWHK,Q9D4JC
JUS9D2,J2Q5LB
RIDVV4,L6F5QB
WIDI4O,V2H8SN
FE8F1N,P5L7QZ
OLF3K8,R4H9LF
UD7KHI,L3V9RM
EYYVT0,R1W7XD
43L1DA,R1W7XD
OI24KG,V7K1RC
EWV1PG,Q5M7TW
6HU3AA,X3N7LD
1BJG6A,P8N1XR
LJDS1S,G4H6VP
U5QSR2,X3N7LD
AZG36D,J7M3WB
ERWKLA,L6F5QB
BP8HJI,X1T9WD
UULFV4,L6F5QB
HJQ8DH,X8P2KF
N643H6,C4V8MK
7KP287,X3N7LD
DV0K08,T2W6VN
L5J6PE,C6F1YP
FV7HXD,B4P9HZ
7816CN,M7X3KP
BP8HJI,W9R3KC
WCSG3U,K7R2HP
A7Y8BG,R1W7XD
YIU6AN,T1K5QW
7NHI6W,V2H8SN
QXNITX,G5P8TX
TSFWMB,C7J5TA
2GUQ65,L8Y2FN
1NEFSC,X1T9WD
VU61N4,N1W8GH
7KN65P,B4P9HZ
AUI42O,P7C9TN
XB0P5Y,G4H6VP
Q49G1Y,G4H6VP
O06EP8,A7K3QX
JTEZYE,Y8L2KM
QXNITX,R4H9LF
A6NN58,L6F5QB
GHI3E2,K7R2HP
XLJZ6D,K9F2MD
8MU8SY,C4V8MK
YLV4IM,D4X6KC
A7HH7K,K2T8MH
K17MY3,G5P8TX
F0UHDU,Y8L2KM
9HT3TL,D7Q4VX
ORHHHG,K9F2MD
T6AOJ3,T2W6VN
FQO46A,Y8L2KM
ACGQ13,J7M3WB
16Q53S,M8V4RB
1WISUE,A7K3QX
2CBXMB,M2Z8LP
V4BO7G,M2Z8LP
F7KIDG,C4V8MK
PTB72H,B6K4YH
FMRKIH,C7J5TA
9E6PI5,V2H8SN
ZUXPM6,T6R4PX
NA7FOX,W9R3KC
QYG90D,C6F1YP
BPDFJS,M8V4RB
EKIBG6,D4X6KC
BFSMUL,D7Q4VX
UNHBYV,N8C2QW
6Z1JST,T1K5QW
01DPC6,K7R2HP
VJ31XV,L3V9RM
AZKIDH,N8C2QW
9ELRKV,J2Q5LB
F3XDRW,L6F5QB
ICOIE2,Q5M7TW
PVIIVG,R9T4VN
SWNC2L,J2Q5LB
LXEOFG,W9R3KC
GOQHTR,T1K5QW
N6ACPT,X1T9WD
EAEEFA,H3K7YM
EPIUEQ,W3T9NP
IAL07Z,H1P6ZQ
THRBUV,V7K1RC
LTGESV,V2H8SN
CAFKJR,L3V9RM
6PAW3W,H3K7YM
BMPAKM,K2T8MH
HEG8IA,D4X6KC
P06ELT,F3M8XW
OUADBW,Q5M7TW
K83VY8,K7R2HP
YWX5FM,T6R4PX
V1SQVO,B4P9HZ
22RLDQ,M8V4RB
7CF38O,H3K7YM
6I33NW,N1W8GH
DX0MQC,K9F2MD
RB7EOY,R4H9LF
V697S2,K2T8MH
NNB7Y3,W9R3KC
EAEEFA,X1T9WD
B7GSLU,C4V8MK
F7SNO0,J2Q5LB
LOU6TP,H6Y1CB
Y5LYLA,H3K7YM
IXSJI7,N8C2QW
WG6XVE,L3V9RM
73NAHU,F8Q1RL
64BWOZ,F8Q1RL
P4RAHO,K9F2MD
VINVPK,R9T4VN
P06ELT,K2T8MH
SY4RL2,K7R2HP
XBMN34,Q4N7WD
BGK4L9,F3M8XW
QAVLN5,N8C2QW
CEH9QS,F8Q1RL
I4B8QZ,V7K1RC
X0PNET,X8P2KF
WZGMKL,P5L7QZ
XEEQDT,L8Y2FN
71CIIN,M2Z8LP
UYD9M1,Q5M7TW
XTRBLJ,B4P9HZ
QQAPOK,F8Q1RL
2R0KBA,H3K7YM
GI6I1O,L6F5QB
XOWBLQ,L8Y2FN
WF7MSV,G5P8TX
H16I1Q,D7Q4VX
WUMJ1I,A7K3QX
B30DS2,X8P2KF
3QUHKJ,T6R4PX
D1Y4FF,M7X3KP
WF7MSV,D9Y6TN
KDGJD6,N8C2QW
65HD3U,N8C2QW
M74XQI,V7K1RC
IL8JOX,B4P9HZ
CJON4D,K9F2MD
HG5G3Z,V2H8SN
YYQ6F0,T2W6VN
JWVD5E,N6T3QF
7YJZ9R,C6F1YP
V2P87Q,V7K1RC
22WXMX,F8Q1RL
2G5Q89,C6F1YP
5T8WEQ,B4P9HZ
2ZGQX7,L8Y2FN
4WMQ61,H3K7YM
OKSLF0,R4H9LF
7CF38O,T1K5QW
VPV9FS,G5P8TX
PS24SQ,B4P9HZ
UWJQJZ,K2T8MH
GSVLP8,R4H9LF
7JZ3P6,F3M8XW
G5GOAC,W9R3KC
ABFGHY,W3T9NP
7KN65P,K9F2MD
CVTAM0,G4H6VP
ZJ3KFT,R9T4VN
AFM5E4,R4H9LF
QCZSVJ,N6T3QF
7XKTZV,P7C9TN
AFKDA5,W9R3KC
224ANY,R9T4VN
740NMU,N8C2QW
IZHFLH,A7K3QX
GDQXQ9,J7M3WB
LF3TTE,V2H8SN
VCF903,T6R4PX
0LVXG6,B6K4YH
040UAH,K2T8MH
3DR4I7,M8V4RB
O2UMEH,J2Q5LB
WQ9M9Q,Y8L2KM
SEW1R1,X1T9WD
YOK7PE,M7X3KP
479MTP,C7J5TA
9WBF9M,Q5M7TW
E135ZR,K2T8MH
WITR24,P7C9TN
9GBCW2,K9F2MD
8YLCEE,H1P6ZQ
S8QOFB,R9T4VN
RESFJP,N8C2QW
RHC6KI,A7K3QX
V1Z5BH,Q4N7WD
2UI7HV,M8V4RB
UYD9M1,H1P6ZQ
8IR354,D4X6KC
VM0G1G,V7K1RC
VDI2QI,Q4N7WD
9R0784,D4X6KC
4IEL2G,N1W8GH
874DU1,C7J5TA
CE454D,K7R2HP
ZLDRD2,P5L7QZ
Q1M49J,F3M8XW
HDN35V,X1T9WD
UZJUWT,W3T9NP
YEAC34,D4X6KC
VG18UU,P5L7QZ
ETYNLA,X1T9WD
N1VOU3,L6F5QB
8CUEM3,M2Z8LP
ITY2U6,T1K5QW
PAP9TS,K7R2HP
E2BOPG,D4X6KC
48UL9X,X1T9WD
ZX6EY3,L6F5QB
BPDFJS,R9T4VN
PDFYV2,G5P8TX
54UDNB,Q4N7WD
HLXMIT,D4X6KC
B1290S,A7K3QX
5T8WEQ,F8Q1RL
4HB39U,T1K5QW
5SGUY1,R4H9LF
RPKZJK,R9T4VN
BXFLPT,V2H8SN
NLIDKL,Q5M7TW
K83VY8,X3N7LD
RBY0SZ,N6T3QF
KD1R1X,V7K1RC
1YJ1OL,X8P2KF
B97MD1,T2W6VN
LJDS1S,M7X3KP
4W10GV,M2Z8LP
HNKUXJ,C6F1YP
E8F8J8,G5P8TX
L0QAIJ,T2W6VN
XSK2MD,R4H9LF
Y09LZP,N6T3QF
U16ZC1,N1W8GH
NDJLGW,G4H6VP
3XRY4B,T2W6VN
H1H1K0,D9Y6TN
B2VGO1,C4V8MK
RZQZEG,F8Q1RL
MWGCXC,M8V4RB
TDRG36,M8V4RB
2AUW8Q,H6Y1CB
VPFDOH,M7X3KP
YZ8CSE,G5P8TX
9S5MOW,G4H6VP
G34A6I,J2Q5LB
39ADJ6,T1K5QW
ZUXPM6,J2Q5LB
8HY0NH,W9R3KC
H6XETX,P5L7QZ
E135ZR,D7Q4VX
NBXSR3,F3M8XW
13ZYZL,G5P8TX
GB0290,M7X3KP
54UDNB,F3M8XW
HHX4ME,A7K3QX
2ZGQX7,K2T8MH
4T5NDP,C7J5TA
9Z8VQI,F3M8XW
VVOGWB,R9T4VN
7WNMLF,N8C2QW
2AUW8Q,C6F1YP
N7H2TW,K2T8MH
6KW2M1,K9F2MD
RNBWEG,K7R2HP
Y3OLOB,F3M8XW
59NXBP,W9R3KC
TDRG36,C4V8MK
2T113H,M8V4RB
D3CAX2,M7X3KP
WA24PJ,M8V4RB
SQE867,A7K3QX
UV14NZ,X3N7LD
A6NN58,R4H9LF
SHXYN2,R9T4VN
FBXMXB,R9T4VN
1LJZN0,T2W6VN
YL7ZZ5,L3V9RM
Z20V4M,L8Y2FN
6EUA0T,X8P2KF
8DP1WR,D9Y6TN
A4S94I,Y8L2KM
7CF38O,B4P9HZ
B7ZE52,F8Q1RL
V5G37B,K2T8MH
U6E1MK,T1K5QW
J4WPP5,B6K4YH
FOS8N6,R9T4VN
HGY9E9,H1P6ZQ
FSDTH3,L8Y2FN
BH8V1L,F3M8XW
UFIMS3,J2Q5LB
RIDVV4,X3N7LD
H8MUAI,W9R3KC
N6510I,F8Q1RL
I39HZO,R9T4VN
SO0LY9,Q4N7WD
4WNAVG,Q5M7TW
00X9JE,C6F1YP
J8QL1Q,M2Z8LP
TU6IFE,P7C9TN
R49FA6,Q9D4JC
OZI860,G5P8TX
77KYYW,T2W6VN
IM0BE4,J2Q5LB
10HXOZ,K2T8MH
D842JP,N6T3QF
P9P0UJ,M2Z8LP
NP92UO,P7C9TN
A94ZZ4,L6F5QB
ZSW7QE,B6K4YH
17XX6W,D4X6KC
YUNXWI,P5L7QZ
76ODAN,J2Q5LB
8S3911,H1P6ZQ
4YEZRS,K2T8MH
6H1OYP,W9R3KC
ROQRZK,N1W8GH
7YO6X2,M7X3KP
YJK19V,C4V8MK
DTKSQS,Q5M7TW
79EWFI,H3K7YM
W4CFVG,W9R3KC
5ITB61,Q9D4JC
L0HQ5Z,P8N1XR
Q64GA0,D7Q4VX
I1GGI7,J2Q5LB
B3AXRC,C4V8MK
9WBF9M,L8Y2FN
UERSZW,M8V4RB
TOKFP7,K2T8MH
YWX5FM,Y1V7DM
LF4EYO,B4P9HZ
WOI5ZU,T6R4PX
Q49G1Y,D7Q4VX
5ZHGQ7,R9T4VN
AOFTLB,P8N1XR
G5VY45,F8Q1RL
2DRHPN,C4V8MK
A7N8KJ,N8C2QW
FT5BEZ,Q5M7TW
N8MQXS,X3N7LD
G37LDA,H6Y1CB
4M75N6,T6R4PX
EAAON1,M2Z8LP
9VLR10,N6T3QF
8HQ90K,N1W8GH
DAGDEZ,M7X3KP
PS24SQ,G4H6VP
FI03YS,C7J5TA
96EPK6,V7K1RC
T6HUN7,V2H8SN
UD7KHI,T2W6VN
QGTT8H,X8P2KF
IL1SW7,N8C2QW
IL8JOX,H3K7YM
4DIO6U,F8Q1RL
WQM1XM,D7Q4VX
AFM5E4,D9Y6TN
C0ER3H,J2Q5LB
3QTAXC,L8Y2FN
MJXN7X,N6T3QF
PG7K0M,Q4N7WD
YDTK7R,R4H9LF
Q45RS1,C7J5TA
E42UNR,V7K1RC
BQVSP6,F8Q1RL
XQ2Y5M,A7K3QX
8S0K2U,P8N1XR
ACGQ13,W3T9NP
7NHI6W,T1K5QW
JN9KX0,D9Y6TN
VAEW3W,C7J5TA
XBMN34,K2T8MH
9S1K0U,K7R2HP
1NGKMC,P8N1XR
IL8JOX,Q5M7TW
B7GSLU,Q5M7TW
ADHTNI,R9T4VN
IXRLHI,V7K1RC
JVY1GP,Y1V7DM
Z1HO7U,G4H6VP
XAOXYU,T6R4PX
C4PYTT,M2Z8LP
I1GGI7,L6F5QB
2BKJQE,L8Y2FN
V0PHHR,W9R3KC
4KAB5H,D9Y6TN
9ELRKV,Q9D4JC
DTKSQS,T6R4PX
VK2XG0,P8N1XR
ZNSMNI,H1P6ZQ
O84AZC,P5L7QZ
3V715L,X8P2KF
L0QAIJ,F3M8XW
9NWJCV,C6F1YP
7KP287,Y8L2KM
Q4V9R9,Y8L2KM
MX2L6M,T1K5QW
U5QSR2,B6K4YH
0KSBMB,D7Q4VX
1DPMPM,M8V4RB
U3HXL1,D9Y6TN
Q6VB4N,H3K7YM
IZWDO5,X3N7LD
O0GGZM,K2T8MH
2O5AIU,A7K3QX
4543QR,T2W6VN
CXKJOZ,M7X3KP
EGEKNB,D9Y6TN
59M4ZM,X8P2KF
XBTTEG,B6K4YH
43ZCIY,V7K1RC
Q96K66,T6R4PX
QQAPOK,M8V4RB
17CY2F,N8C2QW
0H08HI,D9Y6TN
0Z5FOZ,L6F5QB
7VHGWT,X8P2KF
9ZDS3O,F3M8XW
YL7ZZ5,H6Y1CB
PT70ZR,K7R2HP
KVKDDT,H1P6ZQ
NKIJDD,J2Q5LB
O0HKJF,R1W7XD
2KRHFH,L6F5QB
D60UER,C4V8MK
B7GSLU,N1W8GH
AX7CF8,C4V8MK
PEX0BM,H1P6ZQ
XJQUIF,B4P9HZ
2T8WZ7,N8C2QW
TDRG36,N8C2QW
KLVPJ8,D9Y6TN
G9LZXS,D9Y6TN
89TQQ9,C4V8MK
X6E9FD,P5L7QZ
5SSHV4,H3K7YM
Q6VB4N,A7K3QX
ZPWH1S,A7K3QX
NW7Q4P,B4P9HZ
B2CEYJ,V7K1RC
LF7KL5,R4H9LF
J4WPP5,Y8L2KM
J60KZD,R4H9LF
D842JP,J2Q5LB
68QOJA,L6F5QB
IL8JOX,L8Y2FN
404CKS,K2T8MH
2WNILA,J2Q5LB
8BFHRN,T1K5QW
0W9LWN,M8V4RB
1AZUF8,R4H9LF
1WKGKJ,D4X6KC
8ASRQK,D9Y6TN
8J2HS1,J7M3WB
92324Z,L8Y2FN
H1H1K0,Q9D4JC
8B0NQO,B4P9HZ
OLLQ7W,M8V4RB
FQHNFA,K2T8MH
H7Y2PJ,N1W8GH
LF4EYO,K7R2HP
MENG4F,V2H8SN
912INP,Y1V7DM
6H1OYP,P7C9TN
496MRP,T1K5QW
S0HB3N,C7J5TA
RNBWEG,X8P2KF
0XDD5T,Y1V7DM
H16I1Q,W9R3KC
EQK5OT,Y8L2KM
4OSBP8,L3V9RM
9Q2I3C,J7M3WB
315Z7D,M2Z8LP
9R0784,T2W6VN
XT7Y0K,P8N1XR
E135ZR,L8Y2FN
N5KWK8,M8V4RB
BDXE5L,W9R3KC
KP84I9,W3T9NP
0VSKBU,M7X3KP
E4M480,M2Z8LP
4NC6EO,H6Y1CB
7PF2X2,Y8L2KM
YY3LW5,T2W6VN
QMC9RW,L6F5QB
0K44ZO,Q9D4JC
IPLRWF,N1W8GH
P87D36,J2Q5LB
EUPQJW,D7Q4VX
8WE3A7,T6R4PX
E2BOPG,F3M8XW
T8HYIJ,Q5M7TW
KBBJ2L,H1P6ZQ
U16ZC1,P5L7QZ
7WNMLF,P5L7QZ
YDVTR5,D9Y6TN
9IV11V,T6R4PX
T19KNQ,P7C9TN
JTEZYE,J7M3WB
JEVFGU,A7K3QX
5F5CKD,P5L7QZ
SO68F9,L3V9RM
P5D907,X8P2KF
OKSLF0,P7C9TN
Z20V4M,N1W8GH
YUNMSP,P8N1XR
T7YJ4O,J2Q5LB
5JO6RP,F8Q1RL
YY3LW5,D4X6KC
7DF3GG,N6T3QF
77SQFR,H3K7YM
FSDTH3,P8N1XR
0PFWHD,C7J5TA
G02Q60,M7X3KP
5VV9VX,T2W6VN
498UCD,P5L7QZ
UU54A5,T2W6VN
A5KDNH,M8V4RB
1VI024,R4H9LF
4M75N6,X1T9WD
85LX0A,Q9D4JC
OAZ0XO,N1W8GH
74U2G4,F8Q1RL
28C0PN,X3N7LD
X9JUCF,H6Y1CB
AZKIDH,D9Y6TN
N7H2TW,C6F1YP
ETHP3D,K9F2MD
3ECO7Z,X8P2KF
XYIQ3W,X8P2KF
9M75QJ,M2Z8LP
54BJM6,H1P6ZQ
XU12YP,D4X6KC
NBFHIF,G5P8TX
5Z209X,P5L7QZ
WBGFJX,K2T8MH
2SY5OS,K7R2HP
4ZKRXV,R1W7XD
2KRHFH,K9F2MD
ZW23U0,N8C2QW
3VOZGW,X8P2KF
EWV1PG,K9F2MD
MKWYGI,T6R4PX
FRDTP4,W9R3KC
PYBCYV,J2Q5LB
2MWSD4,V2H8SN
NLIDKL,B4P9HZ
YPEG3Y,G4H6VP
MTMZLV,P7C9TN
ZKEZVR,T2W6VN
JJTLE6,H6Y1CB
1OD888,T6R4PX
SP70V2,F8Q1RL
ZFRANH,R4H9LF
U9BJK3,T1K5QW
BH5G5S,T1K5QW
ZQPVY5,R4H9LF
10BYCF,V7K1RC
ETHP3D,W9R3KC
QV43QF,B4P9HZ
94CQHP,X1T9WD
HQJFDC,L6F5QB
6CC3KK,V7K1RC
315974,Q9D4JC
XCJP6R,L8Y2FN
OI7YAP,Y8L2KM
USQ416,M8V4RB
1UH35C,X8P2KF
XTP4LT,L3V9RM
OMSJ5P,T6R4PX
U3HPAI,Y8L2KM
V4BO7G,B6K4YH
SRSTO3,R4H9LF
Z6EDDL,P8N1XR
OTTCIR,R1W7XD
3V715L,W9R3KC
MW2GJZ,Q9D4JC
Z20V4M,V7K1RC
WTUKLV,H6Y1CB
A3VNKA,Y8L2KM
FBPM96,K7R2HP
3G5XA3,P5L7QZ
Q75G01,D7Q4VX
1UZ2AS,B6K4YH
UULFV4,R4H9LF
LXK14I,Q5M7TW
FJRY9H,X1T9WD
B4HTER,K7R2HP
V43IBC,P5L7QZ
43BLF8,G4H6VP
KTXGI4,H3K7YM
KK7XDY,N6T3QF
8H3DJF,M2Z8LP
89IAO3,K7R2HP
QKM0YE,W9R3KC
SW6CX0,R9T4VN
OPNCE6,Q4N7WD
W4CFVG,D9Y6TN
8YYK2H,M8V4RB
PG7K0M,K9F2MD
S23A6L,Q9D4JC
S8DVHP,J2Q5LB
XEXUZ4,V2H8SN
AJ11I5,Y1V7DM
GGAUAZ,N1W8GH
F0278Y,N8C2QW
PGG6M9,X8P2KF
KW70YV,V7K1RC
U76MQC,Q5M7TW
JBT7I9,M7X3KP
J1H8FB,W9R3KC
HMSPZ2,J2Q5LB
M3HLN6,T2W6VN
P06ELT,Y1V7DM
RLFA3A,M2Z8LP
3YRCV3,Q5M7TW
EGEKNB,W3T9NP
ZB20HD,W9R3KC
2GJEJT,T1K5QW
HMSPZ2,T2W6VN
AAR3AZ,P7C9TN
NZ28HY,D7Q4VX
B3AXRC,P5L7QZ
0TRC89,B6K4YH
VIR2OT,F8Q1RL
GAQLE7,W3T9NP
3LTTOO,F3M8XW
BJ21EF,P8N1XR
88ZAKG,T1K5QW
YMAW9J,Q4N7WD
1RDDQV,T2W6VN
2R7XPZ,L8Y2FN
GQ6GTK,P5L7QZ
5RAEMZ,N8C2QW
Q3JPNQ,K9F2MD
TV3ZYX,J2Q5LB
LYCUFD,B4P9HZ
5ETH2O,G4H6VP
PT70ZR,Y1V7DM
6389EY,D4X6KC
IV3P6G,V7K1RC
LG1ZGW,V2H8SN
9WOGUJ,Y8L2KM
QFPMEI,Y8L2KM
3LQFW6,P8N1XR
WDLY6I,R9T4VN
D0S1C3,Q9D4JC
W02RRE,P7C9TN
ENEFGO,N1W8GH
YLCY7V,J2Q5LB
6Z1JST,X3N7LD
EYIRS7,X1T9WD
A4AAFQ,T1K5QW
FN4LCL,T2W6VN
RFFUQI,K9F2MD
9V25W9,W9R3KC
1NXRMU,J2Q5LB
HX2H19,C4V8MK
5J97W5,T6R4PX
9A1UPU,P8N1XR
SZK1QL,K9F2MD
P561YP,T2W6VN
JX99UI,W9R3KC
RFQS6S,H6Y1CB
FJGZHX,N6T3QF
PFXX6J,L3V9RM
R96OQW,F3M8XW
HMUS93,D9Y6TN
2KNI88,V2H8SN
4M75N6,W3T9NP
XT7Y0K,Q4N7WD
1WKGKJ,P7C9TN
PFXX6J,J7M3WB
VR06T3,P7C9TN
CI2FLC,W3T9NP
G07BRR,Y8L2KM
H8MUAI,L6F5QB
2QRBSQ,Q5M7TW
6KJODP,W9R3KC
Q75G01,G4H6VP
8WE3A7,D7Q4VX
QPN9GM,L6F5QB
3DXT05,P5L7QZ
NHZWI5,L6F5QB
98ITYU,P8N1XR
INNIQD,N1W8GH
73CUKM,Y8L2KM
VK9RLE,K9F2MD
G589UE,G5P8TX
4LS979,X3N7LD
KHG8AN,H6Y1CB
1LJ5PI,K7R2HP
8MO3NN,M7X3KP
BT6NU3,B6K4YH
64KHME,Q5M7TW
I0XMJM,L3V9RM
JLGNND,M7X3KP
F41G2V,J2Q5LB
64KHME,N8C2QW
7XX6KQ,P7C9TN
XYIQ3W,M8V4RB
TPK3JD,H3K7YM
5ETH2O,H6Y1CB
ZEMX1B,C7J5TA
U16ZC1,H1P6ZQ
NKIJDD,M8V4RB
7XX6KQ,T1K5QW
XQ4Q94,F8Q1RL
9VLR10,C7J5TA
1N2KUR,T6R4PX
UYTXCT,P5L7QZ
NEQ811,W3T9NP
VHTJ3J,N1W8GH
L9EIM1,Q4N7WD
OAZ0XO,B4P9HZ
WF7Q16,P5L7QZ
73CUKM,K7R2HP
V0KN1R,D4X6KC
C5DFGJ,G5P8TX
TB7BYS,R1W7XD
0KVET5,C7J5TA
HMUS93,T1K5QW
HG5G3Z,V7K1RC
SG59QU,R9T4VN
GXE9YV,N6T3QF
EUY2OA,D7Q4VX
TZBHGJ,V7K1RC
T368II,H1P6ZQ
O06EP8,P7C9TN
16WIO9,H3K7YM
6K6SVO,H1P6ZQ
5CWZKW,R1W7XD
ILSLCC,F8Q1RL
Z1HO7U,K2T8MH
HKRXIU,J2Q5LB
VPV9FS,R1W7XD
RN5HPO,T2W6VN
MIC7JT,Q9D4JC
624OAL,J2Q5LB
ZZUH9M,K2T8MH
IVGK8G,D7Q4VX
JVG411,G5P8TX
2KWQLA,D7Q4VX
QMC9RW,G4H6VP
FV7HXD,J7M3WB
UA12XJ,Q9D4JC
QS6KMG,H6Y1CB
PX7AIT,R9T4VN
740NMU,B4P9HZ
QER1AM,Q9D4JC
8I70PQ,M7X3KP
RS5F7B,D9Y6TN
QJVBQX,M2Z8LP
MC6XA6,H6Y1CB
TZ6PA9,L6F5QB
XEEQDT,C6F1YP
192UM1,P5L7QZ
8ASRQK,L6F5QB
UHQJ59,B6K4YH
EUY2OA,R9T4VN
6S1AEM,M7X3KP
IUFMR7,K2T8MH
EGKLJ8,X8P2KF
LC4QBL,K7R2HP
TY5RX4,M8V4RB
BD7U4M,Y8L2KM
0SOP2R,R4H9LF
M74XQI,Y1V7DM
S6QF16,M7X3KP
E42UNR,X3N7LD
YQ7IZP,X3N7LD
ORSIGH,Y8L2KM
TKTWUP,Q9D4JC
86J8PX,D7Q4VX
ZSW7QE,G4H6VP
H888US,B6K4YH
ILSLCC,C4V8MK
EWV1PG,H6Y1CB
VFM2LT,H1P6ZQ
DMBP0Z,C4V8MK
EKIBG6,L6F5QB
5JO6RP,W3T9NP
QFPMEI,Q9D4JC
3DFGK1,N1W8GH
MF12P3,N6T3QF
BJ6CW0,L6F5QB
874DU1,D7Q4VX
MSF9XV,F8Q1RL
QP6SKI,W3T9NP
496MRP,X1T9WD
F75V4U,P5L7QZ
6FSSET,L3V9RM
EZNCG5,T1K5QW
V2P87Q,Q5M7TW
UFMNHP,V2H8SN
8H1B1D,N1W8GH
4013NW,X3N7LD
EP3DJB,V7K1RC
SDJQCO,H1P6ZQ
DTKSQS,J7M3WB
8C4Q07,F8Q1RL
HANTF5,N8C2QW
2SY5OS,H6Y1CB
HO2XCN,V2H8SN
N33LWK,R4H9LF
NUZIJ0,X1T9WD
ROQRZK,Q4N7WD
F41G2V,R4H9LF
DFPWVR,Y8L2KM
V5G37B,X8P2KF
4TTQ28,J7M3WB
YUOY34,T2W6VN
X4ZE9E,F3M8XW
GEXSTF,M7X3KP
AXUVF7,H6Y1CB
MSF9XV,J2Q5LB
L63OXE,L6F5QB
1401FS,G5P8TX
UWHMTM,M2Z8LP
IZWDO5,P8N1XR
48HL7I,Q9D4JC
TZ6PA9,L3V9RM
69IJPV,T2W6VN
FZ94ZI,K9F2MD
01ZCO6,T2W6VN
64FYZQ,A7K3QX
OUW54O,J7M3WB
6IR6FY,Y8L2KM
R9DH9X,B6K4YH
KJ1N8E,W3T9NP
6C9ADT,V2H8SN
WRSRDR,Y8L2KM
SH114T,Q9D4JC
ETF0EQ,X1T9WD
QFUZM5,J2Q5LB
D56HLM,N8C2QW
JX99UI,C4V8MK
8HXZPP,X8P2KF
HOJ6MS,M2Z8LP
LF7KL5,R1W7XD
9VH874,L8Y2FN
COY468,P5L7QZ
POHA0U,F3M8XW
YPEG3Y,D9Y6TN
Q45RS1,H6Y1CB
LG1ZGW,K7R2HP
V1Z5BH,L3V9RM
Q997C9,L6F5QB
MSF9XV,H3K7YM
8ASRQK,M8V4RB
XBSKE6,Q5M7TW
1VDONT,Q5M7TW
RATO86,K9F2MD
D1TFUP,P5L7QZ
LIEFIU,F8Q1RL
69IJPV,J2Q5LB
TCX5VV,G5P8TX
J0KZTT,N8C2QW
WBAVO4,N6T3QF
9A1UPU,R4H9LF
7KP287,N1W8GH
KT2RD2,R9T4VN
0Z9MGL,V7K1RC
S36B4D,C7J5TA
Z1RA5A,D7Q4VX
7NHI6W,W9R3KC
ETYNLA,M8V4RB
DI6UD8,T6R4PX
X6E9FD,J7M3WB
GD9WLU,V7K1RC
QVUV4V,X3N7LD
1O4EZC,Q5M7TW
YCDD9I,Q9D4JC
XDQCRT,K7R2HP
37G0MG,B6K4YH
C7PYXL,X8P2KF
SEW2NO,N8C2QW
5OJRSN,B6K4YH
IUFMR7,D4X6KC
ZBMOWB,B4P9HZ
XXK4T4,H6Y1CB
GEXSTF,Y1V7DM
EP3DJB,V2H8SN
7IM4EK,C7J5TA
192UM1,L3V9RM
V0KN1R,N1W8GH
H9UX5N,D4X6KC
WIOAOO,P8N1XR
HTPROL,F8Q1RL
EYTI0A,W3T9NP
DS55GS,P8N1XR
H0FRK1,Y1V7DM
95X154,Q5M7TW
POHA0U,C7J5TA
48HL7I,H6Y1CB
U3GGJG,T6R4PX
MQWPCR,F8Q1RL
HV4QGZ,N1W8GH
KFRZJF,V7K1RC
VFV0QF,N1W8GH
TTI459,C4V8MK
N53PKC,W3T9NP
QP1JKE,F3M8XW
A1AAAX,V7K1RC
LTG0QB,L3V9RM
L5ZKWH,H6Y1CB
XQ56F1,J2Q5LB
EE198P,G5P8TX
I39HZO,M2Z8LP
CWATDC,R9T4VN
NDJLGW,T2W6VN
3LJVKX,K2T8MH
HQV4M9,Q5M7TW
874DU1,M8V4RB
HGC7GE,B6K4YH
GEQQMF,W9R3KC
FUZOQB,B6K4YH
UBZWKW,Q9D4JC
8R5ENT,Y1V7DM
MDEGDV,B4P9HZ
HM01C2,Y1V7DM
EMN02K,Y1V7DM
QM1N6S,V7K1RC
8HY0NH,T1K5QW
OI24KG,V2H8SN
HUFIUF,P5L7QZ
V5VK68,X1T9WD
G93Z1G,X1T9WD
F81MA0,A7K3QX
2PZH21,J7M3WB
KMGYWS,C4V8MK
XIYGZJ,Q9D4JC
315974,N6T3QF
FT5BEZ,W3T9NP
GOGP1T,T2W6VN
IUFXDF,L6F5QB
5DL0LF,T6R4PX
YEAC34,V7K1RC
88ZAKG,J7M3WB
CVTAM0,K9F2MD
ZHHISF,J2Q5LB
CI6SZU,K7R2HP
DKBY1C,M8V4RB
DKKO6W,V2H8SN
ACGQ13,C7J5TA
F3XDRW,R9T4VN
C7PYXL,D4X6KC
R49FA6,Y1V7DM
0W9LWN,Q4N7WD
4YEZRS,P5L7QZ
XT7Y0K,K2T8MH
2G5Q89,T1K5QW
1RNH3I,T1K5QW
YH9RBN,Q4N7WD
GZYPD3,D9Y6TN
7HFASN,B6K4YH
ZHHISF,B6K4YH
HOYIDE,C4V8MK
Q84W61,D9Y6TN
65HD3U,G4H6VP
4NG3TR,H6Y1CB
XT7Y0K,W9R3KC
1T29YL,V7K1RC
SP70V2,Y8L2KM
80BBE5,N6T3QF
V5VK68,P5L7QZ
NE6GS4,B4P9HZ
2CBXMB,Q4N7WD
7BO0QA,C6F1YP
WFG52D,Q9D4JC
DX0MQC,J2Q5LB
1DPMPM,T6R4PX
RESFJP,T2W6VN
IC22NM,C4V8MK
96I0MH,L3V9RM
21T34F,F3M8XW
MF12P3,C7J5TA
P561YP,G4H6VP
9YPYK6,A7K3QX
GYE71R,H3K7YM
1QXQJQ,R4H9LF
HNKUXJ,H6Y1CB
Z2YO9T,D4X6KC
FXL0KM,R9T4VN
AI7MRU,W9R3KC
D6TWDB,R4H9LF
64FYZQ,T1K5QW
CDLOMX,Q9D4JC
ILWAIL,B6K4YH
1RS1ZI,L3V9RM
ARK4OA,J2Q5LB
CV6VM3,J2Q5LB
61KVS3,L3V9RM
JUS9D2,R9T4VN
PLZQV4,J2Q5LB
ONNRZU,M7X3KP
MJXN7X,L3V9RM
EF155G,H1P6ZQ
QT2PPD,K7R2HP
I0XV9P,K7R2HP
PT70ZR,L8Y2FN
8IR354,L3V9RM
TJXNKC,T6R4PX
EF155G,T2W6VN
JOF880,G5P8TX
BMPAKM,H1P6ZQ
CZQD3Y,P8N1XR
WT7GTX,H1P6ZQ
PFS142,N6T3QF
2KHTGI,V2H8SN
CXKJOZ,F8Q1RL
3AWTGZ,T1K5QW
PEX0BM,R4H9LF
9Z8VQI,R1W7XD
XNJKC7,W9R3KC
2R7XPZ,B4P9HZ
QT2PPD,T6R4PX
FSDTH3,R9T4VN
M3HLN6,C7J5TA
ZT4LKC,H6Y1CB
H8MUAI,B6K4YH
HJQ8DH,Q4N7WD
1LJZN0,K7R2HP
RFQS6S,Y1V7DM
XLWFCA,Y1V7DM
3G10AD,C6F1YP
X5Y03Y,H1P6ZQ
KFRZJF,X8P2KF
VBOBGJ,Y8L2KM
5HBKW0,H6Y1CB
XEZ9FN,P7C9TN
1F98VP,W3T9NP
RLYI3U,L8Y2FN
8LQXJ3,X1T9WD
19WCAA,D9Y6TN
RATO86,D4X6KC
CO2XT5,X3N7LD
5JO6RP,K7R2HP
R7XVGX,D7Q4VX
IPLRWF,F8Q1RL
2QRBSQ,R1W7XD
WITR48,B6K4YH
RH07EE,F3M8XW
Q3JPNQ,V7K1RC
EVUIOR,T1K5QW
CRREVP,P7C9TN
L476E3,L6F5QB
39ADJ6,Y8L2KM
91BP0H,X8P2KF
YKWOHM,J2Q5LB
64FYZQ,J7M3WB
OI7YAP,R4H9LF
VI0K7Y,P5L7QZ
GWZPX1,D9Y6TN
S8DVHP,W3T9NP
0WL6VR,L6F5QB
7KP287,C4V8MK
F2KHZA,M2Z8LP
H9Y01X,C7J5TA
M7D9TK,D7Q4VX
MI518D,R1W7XD
OZP1D8,M8V4RB
JOF880,J7M3WB
TELRJJ,M8V4RB
0KSBMB,D9Y6TN
COY468,K9F2MD
I994PO,N6T3QF
7XKTZV,B4P9HZ
4JZMWN,Q5M7TW
WA15AJ,N8C2QW
U5QSR2,H1P6ZQ
APE8DU,N8C2QW
97HPWC,Y1V7DM
EGYV3T,L6F5QB
MY68JR,H3K7YM
56S4DH,H6Y1CB
Q6A8G3,D9Y6TN
1W0HVK,N1W8GH
U5T5NQ,Q5M7TW
YH9RBN,B6K4YH
Q49G1Y,G5P8TX
N6ACPT,Q9D4JC
9GUXWE,B4P9HZ
9M75QJ,K7R2HP
F9GONM,H6Y1CB
TCKMWR,C4V8MK
ZCFIJE,V2H8SN
ESFE03,L8Y2FN
8BFHRN,Q9D4JC
B2VGO1,W9R3KC
9V25W9,W3T9NP
VMIZQ5,C6F1YP
2P8H5F,G5P8TX
JWVD5E,P7C9TN
UV14NZ,J7M3WB
OSNHGP,P5L7QZ
9ZWNKQ,C6F1YP
918CXG,D7Q4VX
WV4IKT,T6R4PX
THBPCV,H6Y1CB
2TKYQV,A7K3QX
I73UZ2,J2Q5LB
6EUA0T,K2T8MH
42TX24,D4X6KC
SDJQCO,T6R4PX
JVG411,X1T9WD
WF7Q16,T6R4PX
Y5F0RU,N1W8GH
M1NVMP,T1K5QW
4LQNNI,Q9D4JC
7LRIAV,A7K3QX
9GVOG1,H1P6ZQ
VB1TJP,P8N1XR
MLUJEA,K9F2MD
Y1KXLF,T2W6VN
2Q3RM2,D7Q4VX
GUPT25,J7M3WB
EQSREH,K7R2HP
DI6UD8,N8C2QW
AXN499,Q4N7WD
BYD37C,H6Y1CB
WXSW2K,R9T4VN
1F98VP,D7Q4VX
LBJ510,N6T3QF
XLJZ6D,N6T3QF
HGY9E9,P7C9TN
RLTERC,N1W8GH
YYQ8H1,G4H6VP
RUSGH1,C7J5TA
NBXSR3,H3K7YM
41IVJA,T6R4PX
KA7VUX,C6F1YP
9R0784,V2H8SN
KSSUDD,F8Q1RL
VINVPK,V7K1RC
33M8Q5,M8V4RB
APU0HG,T1K5QW
5ETH2O,M2Z8LP
8HQ90K,C6F1YP
MX2L6M,W9R3KC
J3JH4A,N1W8GH
MLUJEA,P5L7QZ
5F5CKD,X1T9WD
4W10GV,D4X6KC
DDI4G3,L8Y2FN
2UI7HV,B4P9HZ
O49VVD,L3V9RM
8H3DJF,B4P9HZ
I73UZ2,A7K3QX
2KHTGI,R9T4VN
F7SNO0,P8N1XR
MH4UHS,D7Q4VX
5HDS5O,Y1V7DM
U3UDSC,R4H9LF
10BYCF,P8N1XR
PNPIEC,L6F5QB
RV9OJR,D7Q4VX
OLF3K8,D7Q4VX
AA0GQ8,F3M8XW
AI7MRU,M8V4RB
QK9U3H,F8Q1RL
RATO86,T1K5QW
V924Y2,M2Z8LP
8YYK2H,Y1V7DM
UFMNHP,T1K5QW
IVGK8G,H6Y1CB
ALZAXJ,N1W8GH
QUKV3P,Q5M7TW
NNB7Y3,P8N1XR
5YWLBL,A7K3QX
YLCY7V,C6F1YP
4MA82K,K9F2MD
GOSTGO,V7K1RC
QZ6YT3,J7M3WB
3VOZGW,M2Z8LP
G15U1F,T2W6VN
EVUIOR,F3M8XW
MOQP9V,C4V8MK
NJBMCO,V7K1RC
UYTXCT,K7R2HP
KDGJD6,W9R3KC
IOZX74,N1W8GH
ITY2U6,X1T9WD
2XASY5,T2W6VN
VEZ1N0,N1W8GH
WTP2MJ,Q9D4JC
KAJK6Q,T2W6VN
GSYXEU,T2W6VN
BNYHWY,X8P2KF
4ZMI99,Y8L2KM
K87WSY,X1T9WD
17YCPS,M2Z8LP
VVI2G4,Q9D4JC
7LRIAV,L6F5QB
9UPAFB,Q5M7TW
6C9ADT,W9R3KC
IP2YKD,L8Y2FN
XOMAG9,K9F2MD
LXEOFG,B6K4YH
YJ8KKG,Q4N7WD
5Z8NBE,G5P8TX
T86NJX,W3T9NP
S3CD0M,L3V9RM
POHA0U,K9F2MD
DZBA8Q,C4V8MK
1401FS,Q4N7WD
TQXMXM,H3K7YM
48HL7I,J2Q5LB
QZ0ZFD,C6F1YP
3PKHP7,R1W7XD
IV3P6G,C4V8MK
KJWX20,Q9D4JC
LTGESV,V7K1RC
BTGBXB,Q5M7TW
X69BDP,X3N7LD
KMEZBG,W9R3KC
7LGG5W,N6T3QF
VMHKB2,N8C2QW
FJGZHX,N8C2QW
FDPMI9,X3N7LD
22WXMX,C6F1YP
OUADBW,T2W6VN
Z17V1J,X8P2KF
X2Z1QQ,B6K4YH
VSFGEM,C4V8MK
73NAHU,Q9D4JC
9759ZN,D4X6KC
RIUQVF,N8C2QW
9ZVZ3U,J7M3WB
8L58IM,A7K3QX
9IV11V,J2Q5LB
CB5GWR,C4V8MK
68QOJA,Q4N7WD
OE32UG,D7Q4VX
8PZM53,W9R3KC
I73UZ2,T6R4PX
4NIF13,L3V9RM
FZ94ZI,B4P9HZ
LLJOE4,W9R3KC
EDABQH,N8C2QW
RBGG30,T2W6VN
VCF903,N8C2QW
V1Z5BH,C4V8MK
7DQYKC,M7X3KP
LOU6TP,M7X3KP
JWNHPW,Y8L2KM
7G5U0T,K2T8MH
EGYV3T,K7R2HP
Y89GN4,W9R3KC
GA9NBY,V7K1RC
QJVBQX,F3M8XW
N6ACPT,L6F5QB
W02RRE,J2Q5LB
YQ7ARZ,F3M8XW
VQ85UU,P5L7QZ
8C4Q07,M2Z8LP
SXGLN9,Q5M7TW
9V25W9,D9Y6TN
F47JX8,P8N1XR
XLWFCA,P5L7QZ
2QQZLJ,J2Q5LB
JBT7I9,J2Q5LB
T7YJ4O,T2W6VN
VCF903,R1W7XD
OI24KG,C4V8MK
864QBE,K7R2HP
O8TF3C,M2Z8LP
HDN35V,X3N7LD
7IHKG8,H6Y1CB
B3371J,J2Q5LB
GD9WLU,C6F1YP
5S5GSI,C7J5TA
QJL275,D4X6KC
ZHPFUU,D4X6KC
T4URYU,N8C2QW
TG9S4Z,V7K1RC
2J77PN,K2T8MH
URY1MI,N8C2QW
6A85BN,C6F1YP
QYISKE,Q4N7WD
ULLJUJ,M2Z8LP
5GXMJI,V2H8SN
8NVN65,G4H6VP
ZMRPFP,H3K7YM
PYERTD,M2Z8LP
06OTEA,H1P6ZQ
R9KXKB,T2W6VN
WU4YWI,K7R2HP
Q4ISDF,C4V8MK
B1290S,C4V8MK
EUPQJW,G5P8TX
CMLII1,D7Q4VX
F0OSLO,R1W7XD
CKNMD2,W9R3KC
OCWSU3,J2Q5LB
6DJYZO,W3T9NP
G02Q60,D7Q4VX
RS5F7B,T6R4PX
4NIF13,P5L7QZ
QJL275,T6R4PX
K17MY3,F3M8XW
GEQQMF,L3V9RM
7BO0QA,K2T8MH
V5SUAA,V2H8SN
5F5CKD,W3T9NP
8YLCEE,Y8L2KM
B5R91E,G4H6VP
3WI0RI,R4H9LF
UFMNHP,H1P6ZQ
D842JP,F8Q1RL
9A1UPU,J7M3WB
01ZCO6,N8C2QW
G34A6I,P8N1XR
QMC9RW,C7J5TA
1M25ES,W3T9NP
TELRJJ,R9T4VN
1INS6Q,V2H8SN
F75V4U,N1W8GH
06OTEA,G4H6VP
97HPWC,H1P6ZQ
1PGXZ7,R1W7XD
P4EO9Z,L6F5QB
YKI3Q2,J7M3WB
GSVLP8,P5L7QZ
H9Y01X,X8P2KF
224ANY,L3V9RM
OW8GPX,V2H8SN
9WQ497,V7K1RC
9U1PHX,L8Y2FN
PPPRHQ,L6F5QB
A4S94I,G5P8TX
VINVPK,T2W6VN
9MX394,R1W7XD
1LBHGI,D7Q4VX
YW5HXS,K2T8MH
AYDRTA,J7M3WB
IVGK8G,Y8L2KM
BTE95X,V7K1RC
192UM1,D4X6KC
8MO3NN,N8C2QW
9ECEG9,F8Q1RL
6J0JWN,Y1V7DM
MJPFI4,W3T9NP
OZI860,A7K3QX
Y8DR1P,V2H8SN
QIH50L,T1K5QW
1OD888,D9Y6TN
GHI3E2,W3T9NP
EQSREH,H3K7YM
43BLF8,W3T9NP
N8MQXS,J2Q5LB
8PNZZU,P7C9TN
YL7ZZ5,R4H9LF
4NIF13,T2W6VN
1UZ2AS,L6F5QB
FGEXRF,K2T8MH
0Z5FOZ,C7J5TA
MC6XA6,G4H6VP
YKI3Q2,C7J5TA
54S1I1,W9R3KC
LF3TTE,K2T8MH
FLN0H7,Q4N7WD
2VFDZX,G5P8TX
U3UDSC,F8Q1RL
4T5NDP,M8V4RB
XCGD3U,V2H8SN
DMBP0Z,F3M8XW
OI24KG,H3K7YM
8IR354,K9F2MD
SWGNN0,Y1V7DM
YEAC34,N6T3QF
R1I476,Q5M7TW
SQE867,G5P8TX
XEXUZ4,V7K1RC
GSVLP8,C6F1YP
OS757X,Y8L2KM
YJK19V,P5L7QZ
S6QF16,X8P2KF
YOSL94,T1K5QW
JEVFGU,W3T9NP
Q6A8G3,N6T3QF
923PUB,P5L7QZ
IV3P6G,K9F2MD
IPLRWF,B6K4YH
49Y1L4,T6R4PX
MDUFSV,X3N7LD
E42UNR,T1K5QW
E2HMB1,G4H6VP
HTDZRK,K2T8MH
UF5LU5,X3N7LD
QEQS8S,G5P8TX
4W10GV,L8Y2FN
F9GONM,R9T4VN
1OEPBP,C4V8MK
ARK4OA,R4H9LF
YKWOHM,A7K3QX
7PF2X2,C7J5TA
5ZHGQ7,X3N7LD
A7Y8BG,R9T4VN
XNJKC7,J7M3WB
3DR4I7,P5L7QZ
7Z9H35,P8N1XR
MPTZA4,J2Q5LB
0XI005,V2H8SN
AZG36D,Q4N7WD
0KSBMB,N6T3QF
SPI80A,Q4N7WD
E78E1L,C4V8MK
DKBY1C,F8Q1RL
XDQCRT,Y1V7DM
BX9N0D,G5P8TX
9U1PHX,Y1V7DM
9V25W9,K7R2HP
GSMAJO,F8Q1RL
1QXQJQ,T2W6VN
P2TJ9E,F8Q1RL
BXFLPT,C6F1YP
AITY0Y,B6K4YH
O8X1HB,H6Y1CB
JVG411,K7R2HP
UQN6M6,H1P6ZQ
U6E1MK,Y1V7DM
DIR14T,L3V9RM
M3HLN6,L3V9RM
QQAPOK,W9R3KC
4HB39U,D7Q4VX
4HYU8A,P7C9TN
QRW5P8,D4X6KC
68SDVT,D4X6KC
R6LTYW,R4H9LF
H8MUAI,C6F1YP
69VK8H,V2H8SN
NU4JDV,Q5M7TW
73CUKM,Q9D4JC
PRDBXE,W3T9NP
R49FA6,L6F5QB
YUNMSP,N6T3QF
Y1KXLF,B4P9HZ
K6ERAZ,W9R3KC
WG6XVE,T2W6VN
54BJM6,B6K4YH
43ZCIY,F8Q1RL
HOKIZ1,N6T3QF
WTP2MJ,G5P8TX
QVUV4V,H1P6ZQ
O0HKJF,H3K7YM
CAFKJR,Q9D4JC
IZHFLH,Q5M7TW
MH4UHS,X8P2KF
GWZPX1,R1W7XD
3GNA00,Y8L2KM
CEH9QS,D7Q4VX
5W3GKL,H6Y1CB
UQJF2Z,W3T9NP
URY1MI,L3V9RM
VH8P8I,G5P8TX
479MTP,D7Q4VX
7LIN7B,C7J5TA
TZ0JQ0,R9T4VN
JT4IUD,F3M8XW
I0R0A6,G5P8TX
4F8HHY,P5L7QZ
G34A6I,V7K1RC
BXFLPT,V7K1RC
2GF4VO,J7M3WB
27H2GL,H3K7YM
G15U1F,G5P8TX
QZ6YT3,F3M8XW
QCV12B,D4X6KC
RATO86,M2Z8LP
AFM5E4,G4H6VP
745KM0,T1K5QW
EB10D8,G5P8TX
3XV2L2,P5L7QZ
TU6IFE,H1P6ZQ
PX5M3X,M8V4RB
C221R2,N8C2QW
Y5F0RU,Y8L2KM
OAAMAU,B6K4YH
HKTTCH,D4X6KC
VXMT3G,Q4N7WD
A4SQL6,T2W6VN
1M949C,R1W7XD
4JZMWN,R1W7XD
AAU35U,L8Y2FN
Q9C8PI,X8P2KF
0Y3CA2,L6F5QB
SEW1R1,H6Y1CB
SOB3VN,L6F5QB
MDEGDV,Y8L2KM
DDI4G3,C6F1YP
ORWFN2,D4X6KC
KS0UNQ,T6R4PX
QXUHDY,X3N7LD
5H9Z8O,F8Q1RL
ONNRZU,L8Y2FN
2QRBSQ,H6Y1CB
DX0MQC,G4H6VP
MQWPCR,C6F1YP
T3JEAO,D4X6KC
GOQHTR,F8Q1RL
QUKV3P,L6F5QB
OEUY66,J2Q5LB
TW5VN6,P7C9TN
DKKO6W,P5L7QZ
EYIRS7,W9R3KC
5SGUY1,K2T8MH
XJQUIF,X8P2KF
A50W5J,X3N7LD
JWNHPW,F3M8XW
Z2YO9T,X3N7LD
7ERPXR,R9T4VN
GSYXEU,X8P2KF
2HRVEV,D7Q4VX
A94MAZ,H1P6ZQ
9M75QJ,B6K4YH
URG89A,T1K5QW
UYD9M1,B6K4YH
CUUY24,X8P2KF
C84LL3,R1W7XD
7816CN,P8N1XR
TRB3L9,B6K4YH
2MWSD4,X8P2KF
0Z5FOZ,W9R3KC
HX2H19,K9F2MD
FMIFYG,J7M3WB
SQO1AO,W9R3KC
LBO94T,P5L7QZ
PF81UT,P7C9TN
H0FRK1,F8Q1RL
CMLII1,C7J5TA
IFLMFR,K9F2MD
FA9CYN,C6F1YP
XB0P5Y,T2W6VN
M5FLGC,C4V8MK
ZEM2VH,X1T9WD
3GNA00,R4H9LF
Z6EDDL,H3K7YM
ZQ633P,B4P9HZ
6S1AEM,M8V4RB
VPFDOH,P5L7QZ
HV4QGZ,P5L7QZ
3DXT05,V2H8SN
DNY7ER,D7Q4VX
3LM8KI,V2H8SN
4QVYWX,C4V8MK
0Y7JYV,K9F2MD
YLOUGM,T6R4PX
H4JVNV,P5L7QZ
PF81UT,W3T9NP
LTGESV,M2Z8LP
4WNAVG,F3M8XW
7YO6X2,W9R3KC
UERSZW,X3N7LD
39ADJ6,M7X3KP
X9JUCF,K7R2HP
3QUHKJ,Y1V7DM
NHZWI5,J2Q5LB
OLRKJJ,T1K5QW
BC26CG,T1K5QW
XSYZP8,B4P9HZ
GUPT25,Y1V7DM
U8KFVL,K2T8MH
O0GGZM,H3K7YM
IM0BE4,R1W7XD
TZ0JQ0,M2Z8LP
BZ9BT7,H1P6ZQ
1LJ5PI,Q9D4JC
83EDCE,D7Q4VX
QGTT8H,R9T4VN
NSFLWS,P5L7QZ
AWRO3Q,C4V8MK
8QC1JB,A7K3QX
FO78P0,A7K3QX
9ZQZ7O,V7K1RC
48HL7I,R4H9LF
4L6TV4,G5P8TX
IP2YKD,T2W6VN
I39HZO,V7K1RC
K7TGGY,R4H9LF
1VTWAI,V7K1RC
QHJEF7,T6R4PX
6JQQMJ,H3K7YM
FJRY9H,P7C9TN
K87WSY,X8P2KF
DKS2WB,R4H9LF
NBNTV0,X3N7LD
QCZSVJ,A7K3QX
QYISKE,N8C2QW
C8KKGN,H6Y1CB
G02Q60,A7K3QX
ZSX2G6,N8C2QW
YLOUGM,D7Q4VX
XCACXZ,H6Y1CB
S6VSK9,J7M3WB
ICOIE2,A7K3QX
A5WE5C,D7Q4VX
J9WPNX,R4H9LF
W6YO0G,X8P2KF
FTH69L,H3K7YM
U3UDSC,Y1V7DM
OXSJ4V,C4V8MK
TJXNKC,X8P2KF
2J77PN,M7X3KP
4ZMI99,M8V4RB
EF0YNS,H1P6ZQ
IUFXDF,D9Y6TN
SOB3VN,R9T4VN
7WNMLF,H3K7YM
1BJG6A,M7X3KP
VQ4WBP,F8Q1RL
QTEMXS,A7K3QX
9USES8,T1K5QW
U5T5NQ,L3V9RM
KG5UZ8,F8Q1RL
S3D2LJ,V7K1RC
YDTK7R,B6K4YH
E78E1L,H6Y1CB
AJ11I5,T1K5QW
0NYT7T,C4V8MK
2M6VBO,C6F1YP
3S8DYZ,Y8L2KM
I1XCM2,V2H8SN
SEW1R1,X8P2KF
Q64GA0,G4H6VP
TZ9U3V,J7M3WB
V697S2,F8Q1RL
0X0OHS,V2H8SN
Z17V1J,X3N7LD
ZEM2VH,K9F2MD
4T7OF7,X8P2KF
PH68EG,D4X6KC
8S0K2U,L3V9RM
374X7Y,P7C9TN
42TX24,R9T4VN
F6ZIYO,C4V8MK
I994PO,M8V4RB
YX36U9,X3N7LD
DMO1MI,X1T9WD
EVUIOR,B6K4YH
RNBWEG,M8V4RB
PS24SQ,Q5M7TW
W5B554,L3V9RM
HJQ8DH,W3T9NP
IFLMFR,L8Y2FN
YXJOX9,G5P8TX
I994PO,K9F2MD
IMOL7E,V7K1RC
3LJVKX,P8N1XR
VPFDOH,H1P6ZQ
IL1SW7,L8Y2FN
SOOM2E,K9F2MD
VG2QAJ,N6T3QF
VINVPK,R4H9LF
MJXN7X,B4P9HZ
GUPT25,P7C9TN
VDXRKF,N8C2QW
EMN02K,B6K4YH
0KKQUN,J2Q5LB
9LVQHG,C6F1YP
1HGR7Z,Q5M7TW
ZNSMNI,H3K7YM
B59U74,T1K5QW
BH5G5S,P7C9TN
GI6I1O,H6Y1CB
WTIP5U,Y1V7DM
41UQQ4,Q5M7TW
CWK3OC,G5P8TX
XNJKC7,J2Q5LB
4TTQ28,F8Q1RL
F0DD3F,N6T3QF
ABCH8O,P5L7QZ
Z7WAK8,L6F5QB
JBVSG1,Y1V7DM
1LJ5PI,P7C9TN
6OSFVD,N6T3QF
CS4BL1,C4V8MK
L0HQ5Z,M8V4RB
VLK17C,R1W7XD
7LV8NS,Q4N7WD
KS0UNQ,P8N1XR
ZY6HBY,B4P9HZ
Z2YO9T,Q9D4JC
HIJ6ED,Q5M7TW
FLVQ9X,B4P9HZ
TAN7RK,R9T4VN
AHU681,Q4N7WD
C3JD3R,N6T3QF
QXZVR4,C7J5TA
71CIIN,H1P6ZQ
FJMDLY,B4P9HZ
Z99DCQ,V7K1RC
01ZCO6,M2Z8LP
T1MTN4,R1W7XD
RT0H8D,W3T9NP
EV3L7G,X3N7LD
6I5FXG,V2H8SN
GSMAJO,Y8L2KM
L5J6PE,L8Y2FN
VM5OI4,L8Y2FN
A19PJO,H1P6ZQ
Q0UWI4,F8Q1RL
8H1B1D,N6T3QF
2W61FH,G5P8TX
AX7CF8,D9Y6TN
224ANY,W3T9NP
L0V4QK,L3V9RM
Y4GIUL,H1P6ZQ
XVE4TS,V7K1RC
7G34BO,R9T4VN
DI6UD8,B6K4YH
D60UER,X1T9WD
XBPKNT,R4H9LF
CEH9QS,M7X3KP
A4AAFQ,P5L7QZ
YOSL94,X3N7LD
F3IEH2,W9R3KC
VNH578,R1W7XD
7H69UE,C4V8MK
1XA6F1,M2Z8LP
47VE0Z,H3K7YM
DNODH0,P5L7QZ
NDJLGW,C7J5TA
50BI64,H1P6ZQ
8HY0NH,Q9D4JC
HOKIZ1,X8P2KF
7V2M82,X3N7LD
3AWTGZ,P5L7QZ
7HGYEG,P8N1XR
GUOI63,A7K3QX
B5SPVR,T6R4PX
9VTG9U,Y8L2KM
0Z9MGL,M2Z8LP
K7TGGY,N8C2QW
H9SQ51,R9T4VN
XSYZP8,X3N7LD
2UAXAU,X3N7LD
8QC1JB,W3T9NP
ZUXPM6,R1W7XD
VPFDOH,J7M3WB
BD7U4M,T2W6VN
HIJ6ED,M2Z8LP
VR06T3,W9R3KC
JUVU5A,K9F2MD
SYDJ1O,Y8L2KM
HQV4M9,J2Q5LB
HKRXIU,W3T9NP
WTIP5U,T6R4PX
XN3EAO,F3M8XW
HQJFDC,V7K1RC
BPZ2CX,F3M8XW
QJL275,K7R2HP
3DFGK1,M2Z8LP
USR3UL,Q5M7TW
AS638D,J2Q5LB
KUZBNQ,J2Q5LB
Z5OZHB,X8P2KF
V5SUAA,Q5M7TW
A1AAAX,X1T9WD
DWTDWZ,M8V4RB
VM5OI4,C4V8MK
EPIUEQ,H6Y1CB
LF3TTE,C6F1YP
VR06T3,X3N7LD
WZGMKL,T1K5QW
K83VY8,X1T9WD
ZBMOWB,T1K5QW
Y09LZP,B6K4YH
UF5LU5,C7J5TA
KK7XDY,M2Z8LP
43BLF8,Y1V7DM
VDI2QI,Y1V7DM
QDXET6,B6K4YH
NUZIJ0,M8V4RB
J8QL1Q,A7K3QX
D2HUK7,J2Q5LB
TV3ZYX,G5P8TX
JJTLE6,K2T8MH
F3XDRW,R1W7XD
CWK3OC,N8C2QW
Q4HGJG,T1K5QW
X1ABW2,C6F1YP
S6QF16,H6Y1CB
MRKEHD,G4H6VP
AAU35U,W3T9NP
EHW47R,N8C2QW
XQJ2GL,L8Y2FN
DB4T8F,C6F1YP
BVPKXR,Q9D4JC
4WNAVG,B4P9HZ
28C0PN,R9T4VN
P6V96L,A7K3QX
XVE4TS,T6R4PX
QHJEF7,Y1V7DM
F6ZIYO,F8Q1RL
UFEDKZ,N8C2QW
B3AXRC,H6Y1CB
0ZZF5M,R1W7XD
IOZX74,G4H6VP
HLXMIT,T1K5QW
AA0GQ8,M7X3KP
ZVW2W6,V2H8SN
SEW2NO,W3T9NP
GLHMGD,L3V9RM
UHDQQI,H3K7YM
WFGNAK,J7M3WB
93DN3P,P5L7QZ
PF81UT,J2Q5LB
ZFRANH,R1W7XD
F7KIDG,N1W8GH
XOWBLQ,R1W7XD
VG2QAJ,R9T4VN
IZHFLH,Q4N7WD
P1SMF7,Y1V7DM
4LQNNI,C6F1YP
OKQT7E,D9Y6TN
N5KWK8,H1P6ZQ
BH7MI1,M2Z8LP
VMPU2N,L6F5QB
WG6XVE,D4X6KC
K0H1A0,Q9D4JC
QU089G,J7M3WB
SJFVZW,F8Q1RL
A3VNKA,K9F2MD
EUZ0YF,L3V9RM
N3UV0F,K9F2MD
RLFA3A,C6F1YP
MW1OJZ,Q5M7TW
LD6SFS,M8V4RB
BH8V1L,H1P6ZQ
KEK2CK,Q9D4JC
XQOGC9,V7K1RC
2HRVEV,C4V8MK
TY5RX4,K9F2MD
SQE867,R9T4VN
VT2ZFL,C6F1YP
MJXN7X,L8Y2FN
ABND7Y,K9F2MD
RPDDJG,C7J5TA
C3CH1A,Q5M7TW
QH0DNY,P8N1XR
KMEZBG,A7K3QX
UYTXCT,F8Q1RL
0T7RIN,T1K5QW
AAROBP,R1W7XD
5RNCIU,M8V4RB
53SR2Y,Y1V7DM
8B0NQO,Q9D4JC
1RDDQV,Q5M7TW
JR8JV7,J2Q5LB
I5UWGT,P7C9TN
YLKH2E,M8V4RB
UBIHY2,H3K7YM
CMLII1,K2T8MH
IC22NM,Y8L2KM
YZ8CSE,D4X6KC
6SV0Z9,P7C9TN
YT5SRJ,X3N7LD
TR91PU,M2Z8LP
V4BO7G,G5P8TX
NOFPG5,R9T4VN
NH3M7M,Q4N7WD
TG9S4Z,X8P2KF
UHQJ59,D4X6KC
RKXWR1,X8P2KF
AJ11I5,M2Z8LP
GSMAJO,M2Z8LP
V697S2,D4X6KC
VJ6SGZ,M8V4RB
KFEG06,G4H6VP
VILE2W,K7R2HP
1VWCYJ,L6F5QB
21T34F,B6K4YH
XIYGZJ,H3K7YM
E8F8J8,B4P9HZ
EM2AOR,D4X6KC
HXXWK0,L6F5QB
RZUDYD,C7J5TA
3G10AD,X8P2KF
CNR202,X1T9WD
J19L96,B6K4YH
3TM8Q5,M2Z8LP
2JSIUR,P7C9TN
ZFRANH,P8N1XR
YX36U9,H3K7YM
MVD9JA,P7C9TN
8ZHAH8,N6T3QF
JRUTKI,K2T8MH
RIDVV4,B6K4YH
GXE9YV,H1P6ZQ
1VI024,T2W6VN
O81BL0,W9R3KC
PKRVRD,R9T4VN
NNB7Y3,X3N7LD
2G5Q89,J2Q5LB
LQ19Q0,W9R3KC
2ZCGOX,H1P6ZQ
95T2QE,P7C9TN
8FUR7K,T1K5QW
QK9U3H,P7C9TN
BTE95X,K9F2MD
B3JXF9,R1W7XD
GXE9YV,R4H9LF
DV2JY7,P8N1XR
A3VNKA,V2H8SN
OKQT7E,B6K4YH
4TXQO6,L3V9RM
EM2AOR,Q5M7TW
L5OUC8,C7J5TA
2B582U,D4X6KC
8YYK2H,P5L7QZ
65HD3U,L3V9RM
6BAB8V,G5P8TX
UNHBYV,L3V9RM
LUE6BR,N6T3QF
MJPFI4,Q9D4JC
9QLTWJ,T1K5QW
5S5GSI,K7R2HP
HEG8IA,W3T9NP
TELRJJ,M2Z8LP
G07BRR,L6F5QB
TIUXJD,T2W6VN
8BRDQA,C7J5TA
BC26CG,T2W6VN
MQKLMM,R1W7XD
9WQ497,H1P6ZQ
DNZFB5,P8N1XR
UHDQQI,J7M3WB
MWG82P,P5L7QZ
BTBUZM,K9F2MD
223KEO,J7M3WB
HMSPZ2,L3V9RM
S0IHD1,F3M8XW
WFB0NG,M8V4RB
R6WXRP,Q5M7TW
RPSHR7,D7Q4VX
UFEDKZ,G4H6VP
7J3ZL8,Q4N7WD
D482SK,Q4N7WD
DXP36Z,J2Q5LB
346YTY,X3N7LD
Q9LODL,D9Y6TN
8DP1WR,X8P2KF
DZ0RB9,K2T8MH
ABND7Y,L6F5QB
B97MD1,Y1V7DM
XTP4LT,Q5M7TW
TZ0JQ0,G5P8TX
CIS2R2,D7Q4VX
R6WXRP,W3T9NP
Y8DR1P,Q5M7TW
UUOIGF,T2W6VN
RPO25M,R4H9LF
TGKAN4,M8V4RB
1OD888,P8N1XR
E5SOMO,V7K1RC
BH7MI1,J2Q5LB
Y1MX54,D9Y6TN
C73X1I,T2W6VN
IM0BE4,R4H9LF
9UTJH7,H3K7YM
CWATDC,Y1V7DM
23ARO0,P8N1XR
0Z9MGL,M8V4RB
GA9NBY,R1W7XD
DDI4G3,B6K4YH
QCV12B,P7C9TN
1MEW6D,W9R3KC
7TGWYL,M2Z8LP
RW6HML,N1W8GH
2UI7HV,V7K1RC
Z7FIMC,D7Q4VX
3XVGX5,V7K1RC
9GH68Q,Q9D4JC
XBSKE6,G4H6VP
GZYPD3,B6K4YH
C2NQMS,W3T9NP
QFPMEI,L6F5QB
16Q53S,B6K4YH
H9Y01X,M7X3KP
C8KKGN,J7M3WB
WWAFEU,M7X3KP
X1ABW2,B4P9HZ
740NMU,J2Q5LB
YLKH2E,T2W6VN
8H3DJF,F3M8XW
2DRHPN,Y8L2KM
8OCA9M,L8Y2FN
BYD37C,P5L7QZ
1N2KUR,D7Q4VX
HOJ6MS,V7K1RC
VQ4WBP,C4V8MK
M74XQI,B4P9HZ
547O8C,N6T3QF
OEDFSH,M8V4RB
8YLCEE,T2W6VN
1M949C,V2H8SN
Z41SUT,A7K3QX
17CY2F,T6R4PX
MTIYIT,T2W6VN
AX7G88,W3T9NP
A97IEQ,X3N7LD
EAEEFA,K9F2MD
UB9TBR,C4V8MK
A50W5J,L6F5QB
2T113H,M2Z8LP
Y41RG8,N8C2QW
DSCMN4,K2T8MH
MNAF7B,X3N7LD
QH0DNY,G4H6VP
VMIZQ5,X8P2KF
ILWAIL,K2T8MH
JBVSG1,X1T9WD
D1TFUP,L6F5QB
9LVQHG,L8Y2FN
YUOY34,V2H8SN
AFKDA5,V7K1RC
JUS9D2,Y1V7DM
0W9LWN,R1W7XD
K981XU,H3K7YM
ZJCK3D,T6R4PX
3LQFW6,V7K1RC
L1618Y,K7R2HP
41AD1B,G4H6VP
WITR24,C7J5TA
K981XU,X1T9WD
Z6OOQ6,G5P8TX
DRXCIM,C4V8MK
QZSCFG,D9Y6TN
SCBA0B,P5L7QZ
LW1N7R,L8Y2FN
EYLVX9,C6F1YP
ZITEGO,M7X3KP
MY68JR,Q5M7TW
J7PZCR,W9R3KC
K6ERAZ,K7R2HP
7ITX98,N8C2QW
SP6TKB,C7J5TA
7LGG5W,C7J5TA
KFQCA5,R1W7XD
CDL9EK,K7R2HP
3CG5QG,C4V8MK
APE8DU,D9Y6TN
IP2YKD,Y1V7DM
ZRKM08,F3M8XW
SI9EM5,X3N7LD
5UJFOX,N8C2QW
O49VVD,M8V4RB
I5UWGT,H6Y1CB
7TGWYL,R9T4VN
BZ9BT7,G5P8TX
6BDM9F,R4H9LF
USR3UL,M2Z8LP
0T7RIN,P5L7QZ
MVZ87K,Q9D4JC
T648ST,C4V8MK
1NGKMC,H1P6ZQ
URE8GC,Q4N7WD
UNHBYV,N6T3QF
CKNMD2,M7X3KP
0PPRGB,D4X6KC
2GF4VO,C6F1YP
CAK4E3,L3V9RM
F4QWRC,G5P8TX
BT6NU3,M2Z8LP
JOF880,D4X6KC
LHLPL6,L8Y2FN
Z17V1J,L3V9RM
K7F21X,X3N7LD
EE198P,C6F1YP
223KEO,W9R3KC
PAMR9J,N6T3QF
3LJVKX,H6Y1CB
K4Y0UK,Q4N7WD
SO68F9,M8V4RB
ABHQNT,T2W6VN
Z5JSPZ,Q5M7TW
FLN0H7,L6F5QB
A7HH7K,M7X3KP
PFXX6J,P5L7QZ
BPDFJS,Y8L2KM
F41G2V,G5P8TX
SH114T,W3T9NP
XQ4Q94,Y8L2KM
W2G7NV,T2W6VN
IZWDO5,V7K1RC
5OKMEN,R9T4VN
YLCY7V,Q5M7TW
FJMDLY,X3N7LD
SCJGT7,Y1V7DM
XBIKDO,L3V9RM
2UAXAU,K7R2HP
VEHCKW,C4V8MK
RPO25M,M2Z8LP
ZLZ5ZJ,D7Q4VX
19WCAA,K2T8MH
7DFI8W,C6F1YP
01DPC6,X8P2KF
AFKDA5,R1W7XD
JMKLA2,X8P2KF
XKOKEG,F3M8XW
PCKHYV,H3K7YM
3J37P0,P5L7QZ
YNV549,C4V8MK
EAGQAF,P7C9TN
1F98VP,L6F5QB
U5VDL4,T1K5QW
WXSW2K,F3M8XW
G67VWK,B6K4YH
93BRLD,K9F2MD
YXJOX9,T6R4PX
TGKAN4,X1T9WD
47FMT7,G5P8TX
2KNI88,J7M3WB
ZSW7QE,N1W8GH
PDZ5B8,W3T9NP
86J8PX,F3M8XW
HSJQXK,X1T9WD
AVU6K0,G5P8TX
VQ85UU,N1W8GH
EP3DJB,C7J5TA
78KJDQ,H3K7YM
F39VZE,V2H8SN
GDQXQ9,C4V8MK
TZ0L10,H3K7YM
L9EIM1,F8Q1RL
1VI024,K9F2MD
6PAW3W,J2Q5LB
5E4D0S,W9R3KC
2P8H5F,H6Y1CB
BXFLPT,P5L7QZ
8E8UXV,P7C9TN
UFEDKZ,H1P6ZQ
GDV6DA,A7K3QX
71JIET,N6T3QF
SWGNN0,T1K5QW
BUC0S0,Y8L2KM
JF95EL,L8Y2FN
BBDQ7L,T1K5QW
MWG82P,N6T3QF
S3QS4T,W3T9NP
JDDL79,M8V4RB
4SPHDP,L8Y2FN
49Y1L4,F8Q1RL
B8ZG73,K9F2MD
KJIUI9,C7J5TA
50XID8,M7X3KP
0L5NAO,C6F1YP
479MTP,B4P9HZ
TAJ5WN,B6K4YH
TKUMKQ,K9F2MD
C3CH1A,H3K7YM
ALZAXJ,G5P8TX
7KVGIG,W3T9NP
V924Y2,R4H9LF
NJX0QO,C7J5TA
FN1AF4,L3V9RM
H7Z2AP,Q5M7TW
2T113H,Y8L2KM
QXVUPK,Y8L2KM
WFG52D,X3N7LD
Q75G01,H3K7YM
8G330C,X3N7LD
OI7YAP,V2H8SN
1T29YL,C6F1YP
X0PNET,M8V4RB
PKMMIQ,D9Y6TN
G7RBZ2,W3T9NP
1O4FT6,R4H9LF
YQ7ARZ,Q4N7WD
DZBA8Q,C7J5TA
Z41SUT,Y8L2KM
68QOJA,L8Y2FN
5ITB61,W3T9NP
VQAMI9,N1W8GH
V1RAPK,K7R2HP
6BAB8V,R9T4VN
PPPRHQ,H1P6ZQ
1BT807,N6T3QF
22O26E,V2H8SN
VNH578,C7J5TA
Y4GIUL,J7M3WB
XJY0AY,X1T9WD
1LUJO2,H1P6ZQ
U3UDSC,T1K5QW
5UJFOX,B4P9HZ
L5J6PE,J7M3WB
J24U0Q,B4P9HZ
CDL9EK,T2W6VN
QXNITX,P8N1XR
DOXLH9,B4P9HZ
QP1JKE,X8P2KF
A94ZZ4,F3M8XW
FB649W,Y1V7DM
I8R9N9,K9F2MD
XXF0ZG,C4V8MK
C123R1,R1W7XD
GU9SKW,L8Y2FN
7VPRMN,V7K1RC
O84AZC,H6Y1CB
Z20V4M,Y8L2KM
3OZMPC,P8N1XR
XBMN34,N8C2QW
FC6YMB,X3N7LD
HMUS93,V2H8SN
Q6FPOU,C4V8MK
5UEKKA,T6R4PX
1LBHGI,F8Q1RL
GOQHTR,R9T4VN
79EWFI,H1P6ZQ
IXSJI7,M7X3KP
93BRLD,T6R4PX
YQGQ45,Y1V7DM
JMKLA2,G5P8TX
O6YIYS,B4P9HZ
JBVSG1,R4H9LF
QMU4NB,N8C2QW
FQ1G1M,Y1V7DM
KDPGAZ,C4V8MK
UWMAPN,Q4N7WD
AMM6SF,T1K5QW
IJJY23,K2T8MH
IULF9P,N6T3QF
13ZYZL,V2H8SN
BYD37C,G4H6VP
IV2D1W,G5P8TX
UWMAPN,C6F1YP
8EEZS3,K7R2HP
DDI4G3,T2W6VN
FRM2I6,H3K7YM
SP6TKB,V7K1RC
55KKIK,N1W8GH
ABHQNT,D4X6KC
YW5HXS,W3T9NP
KFQCA5,B6K4YH
QZ0ZFD,Q9D4JC
XAOXYU,F8Q1RL
J8W6FE,W3T9NP
80915M,V7K1RC
I39HZO,M7X3KP
9ZVZ3U,M2Z8LP
R9DH9X,D4X6KC
7IM4EK,H6Y1CB
16Q53S,C6F1YP
J164R3,M7X3KP
OKQT7E,X1T9WD
912INP,P7C9TN
UZJUWT,C4V8MK
W0OHV1,D9Y6TN
4DIO6U,T6R4PX
R4LJC8,G4H6VP
SI61GK,N6T3QF
HIJ6ED,N6T3QF
9GH68Q,F8Q1RL
DKS2WB,L8Y2FN
I42SRQ,D7Q4VX
2T3PXS,N6T3QF
EBYTSK,G4H6VP
17CY2F,N6T3QF
0T7RIN,N1W8GH
73K2KZ,A7K3QX
A94MAZ,C7J5TA
GHH1BR,Y1V7DM
GYTXI4,M2Z8LP
6OY6VE,L3V9RM
R9KXKB,M8V4RB
85FRJK,Q5M7TW
B0V2JV,K7R2HP
C3JD3R,W9R3KC
XXF0ZG,M8V4RB
B2CEYJ,C6F1YP
65Q9UH,N6T3QF
A7NVD4,V2H8SN
SP6TKB,H1P6ZQ
HP6P1X,Q9D4JC
DNZFB5,F3M8XW
3CG5QG,M7X3KP
TGKAN4,G4H6VP
2F3AYM,X3N7LD
YYQ6F0,W9R3KC
NU2LCM,G5P8TX
BDXE5L,N1W8GH
6CC3KK,J7M3WB
ACGQ13,P5L7QZ
BYD37C,G5P8TX
VZG7N1,Q5M7TW
U3HXL1,Q4N7WD
54S1I1,G4H6VP
RDG81U,V2H8SN
HKTTCH,K9F2MD
I5FI7W,R9T4VN
K83UAG,L6F5QB
NJBMCO,P5L7QZ
MIVA4Z,T2W6VN
IJJY23,Q9D4JC
MQKLMM,X8P2KF
RPSHR7,R4H9LF
EBYTSK,Y8L2KM
XQJ2GL,Q4N7WD
SI9EM5,H3K7YM
69IJPV,D7Q4VX
SOOM2E,V2H8SN
C3JV1H,X1T9WD
F2KHZA,P8N1XR
7JZ3P6,J7M3WB
Z1AN05,F3M8XW
V0POWN,K7R2HP
UZJUWT,T1K5QW
AD40KI,P5L7QZ
Q96K66,C6F1YP
T23MIZ,Q5M7TW
OLF3K8,M8V4RB
Y1MX54,Q5M7TW
FLN0H7,L3V9RM
5HER8Z,G5P8TX
VBFUZS,H6Y1CB
6I5FXG,C7J5TA
NKRY06,A7K3QX
WUJKPF,D9Y6TN
AMM6SF,V2H8SN
A7HH7K,H1P6ZQ
Y5F0RU,D7Q4VX
TKTWUP,V2H8SN
7MNKNT,F8Q1RL
QWFHZK,J2Q5LB
9S5MOW,V2H8SN
5YL3FO,Q4N7WD
DFR0FK,F3M8XW
HKTTCH,C6F1YP
QLQAIY,W9R3KC
G351YQ,W3T9NP
QFUZM5,M2Z8LP
2MJAQE,H3K7YM
TZ6PA9,N1W8GH
SK12EB,M7X3KP
THRBUV,B4P9HZ
NP409J,R4H9LF
WTUKLV,Y8L2KM
Q3IKL3,H1P6ZQ
QDXET6,R1W7XD
QV43QF,B6K4YH
VF4VTF,D7Q4VX
VJ6SGZ,D9Y6TN
LTTAZ3,T1K5QW
D2HUK7,N8C2QW
K17MY3,N8C2QW
5HER8Z,P7C9TN
V5G37B,F8Q1RL
XQOGC9,H1P6ZQ
50BI64,H3K7YM
9GVOG1,L6F5QB
WFG52D,J2Q5LB
FWDPZP,P5L7QZ
2UZW8A,G5P8TX
WBAVO4,P8N1XR
UU54A5,X8P2KF
LHI83C,M8V4RB
QUKV3P,Q4N7WD
BMDPK3,X3N7LD
CI2FLC,R1W7XD
VSFGEM,G4H6VP
OEUY66,X3N7LD
9VH874,L3V9RM
RUNZ8P,R4H9LF
0Y7JYV,K2T8MH
RT0H8D,W9R3KC
2M6VBO,Q5M7TW
HMVUGP,N1W8GH
CV6VM3,Q4N7WD
3QTAXC,M2Z8LP
R1HIQW,P5L7QZ
IXRLHI,A7K3QX
ONNRZU,G5P8TX
ABFGHY,A7K3QX
KM9FNJ,P7C9TN
HOJ6MS,N6T3QF
QS6KMG,M7X3KP
2TKYQV,Y8L2KM
5W3GKL,T1K5QW
T6CCUW,N8C2QW
IAL07Z,G5P8TX
XPKD1H,K9F2MD
AWH1PT,D7Q4VX
P561YP,Y8L2KM
5HER8Z,L3V9RM
8M1UD4,B4P9HZ
5GXMJI,Y1V7DM
5OMNID,J7M3WB
KHG8AN,X1T9WD
8BILVV,B4P9HZ
GSYXEU,K2T8MH
MYJ728,J2Q5LB
XR0Y86,R4H9LF
V43IBC,N8C2QW
HXEWW7,C4V8MK
JF95EL,H1P6ZQ
K0KPZT,W9R3KC
857FQV,K9F2MD
JUQOKC,K2T8MH
VJ6SGZ,R9T4VN
152CXH,D4X6KC
9U1PHX,X1T9WD
ZXKGVW,M7X3KP
9HT3TL,F8Q1RL
T5SSPF,L6F5QB
5DL0LF,Q9D4JC
5PO0ZD,L6F5QB
2MHRQZ,R9T4VN
AS638D,Y1V7DM
PDFYV2,D4X6KC
LC4QBL,W9R3KC
VD762J,P5L7QZ
KBABJH,G5P8TX
SPI80A,L3V9RM
GG90PR,Q4N7WD
MTIYIT,X1T9WD
HP6P1X,R4H9LF
HQJFDC,Q4N7WD
DWTDWZ,R1W7XD
UA12XJ,K2T8MH
PAMR9J,R1W7XD
D315ZL,C6F1YP
EDABQH,B4P9HZ
D3CAX2,Q5M7TW
Q3JPNQ,H1P6ZQ
K4Y0UK,Q9D4JC
4TCUKF,D9Y6TN
3G10AD,T1K5QW
T4URYU,D4X6KC
W6YO0G,P7C9TN
7VPRMN,H6Y1CB
A5KDNH,L8Y2FN
T19KNQ,X3N7LD
YYO265,K9F2MD
VDI2QI,F3M8XW
RHN29B,T1K5QW
TR91PU,L8Y2FN
VDI2QI,V7K1RC
91MK5J,X3N7LD
OHRGCT,V2H8SN
77KYYW,L3V9RM
UA4HQ5,V7K1RC
RFQS6S,H3K7YM
07KEJF,W9R3KC
1LJZN0,D4X6KC
Y2GUMT,K9F2MD
ILWAIL,C6F1YP
L0HQ5Z,G4H6VP
XNN9T6,P8N1XR
1M25ES,C4V8MK
ADTLW5,R4H9LF
H9EE5B,W3T9NP
PEX0BM,Y1V7DM
NKRY06,J2Q5LB
Q96K66,M8V4RB
VM5OI4,V7K1RC
QDXET6,P5L7QZ
LG1ZGW,P7C9TN
UTWMDW,J2Q5LB
I42SRQ,R9T4VN
ZSX2G6,X3N7LD
K0KPZT,V2H8SN
6OSFVD,D4X6KC
2OH3HM,P5L7QZ
F0JMBF,V2H8SN
DWJHCS,J7M3WB
DS55GS,C4V8MK
C84LL3,Q9D4JC
7J3ZL8,X3N7LD
OXSJ4V,D9Y6TN
SCBA0B,H1P6ZQ
Q9LODL,L6F5QB
SZK1QL,L3V9RM
YDTK7R,G4H6VP
TC6C99,D4X6KC
LK0Z7C,F8Q1RL
XJY0AY,N1W8GH
ZLZ5ZJ,K9F2MD
9IV11V,X8P2KF
AR4ISR,N1W8GH
97879C,K7R2HP
1NXRMU,W9R3KC
77H5RP,K2T8MH
MIC7JT,T2W6VN
9E6PI5,Q4N7WD
U5QSR2,L8Y2FN
S437Y3,L6F5QB
NZ8VUA,N1W8GH
O8X1HB,J2Q5LB
Y5LYLA,F8Q1RL
Y3OLOB,K9F2MD
17XX6W,H3K7YM
T6AOJ3,F8Q1RL
152CXH,C4V8MK
7HFASN,G4H6VP
QAXZUX,R4H9LF
J9WPNX,P7C9TN
5SSHV4,Y1V7DM
7H69UE,C7J5TA
1CSNAQ,X3N7LD
I42SRQ,T1K5QW
THBPCV,M8V4RB
6FSSET,W9R3KC
MLA4MH,X8P2KF
ZHPFUU,W3T9NP
0Z5FOZ,L3V9RM
KP84I9,T2W6VN
9KHEUU,N6T3QF
JDDL79,H6Y1CB
8S3911,K9F2MD
22O26E,J2Q5LB
BR2X46,K9F2MD
86J8PX,L8Y2FN
KED7GH,N6T3QF
KEK2CK,Y1V7DM
YX5ZM4,Q9D4JC
8WMHOJ,L8Y2FN
8HQ90K,K2T8MH
X5Y03Y,Q4N7WD
7U5PX8,C7J5TA
YKI3Q2,H3K7YM
EP3DJB,F3M8XW
4TTQ28,K9F2MD
F4QWRC,Q5M7TW
M012IG,L3V9RM
5JO6RP,D4X6KC
MYJ728,R9T4VN
WB1A0M,N8C2QW
496MRP,Y1V7DM
HXEWW7,J2Q5LB
624OAL,T2W6VN
I1GGI7,V7K1RC
BJ6CW0,N1W8GH
KNH241,W3T9NP
QT2PPD,K9F2MD
KED7GH,V7K1RC
TPK3JD,Q4N7WD
VM0G1G,T2W6VN
KTXGI4,T1K5QW
760AGH,W3T9NP
44K8R4,G5P8TX
F0OSLO,V7K1RC
4W10GV,H1P6ZQ
KBABJH,R1W7XD
QTEMXS,M7X3KP
KDPGAZ,L3V9RM
5KE0BK,M7X3KP
APU0HG,M2Z8LP
IDRNO7,C4V8MK
RQOX84,L6F5QB
FTH69L,C7J5TA
9O56U4,T2W6VN
N3UV0F,C6F1YP
G2H7KX,K9F2MD
WRF5JF,T2W6VN
4TTQ28,T1K5QW
VB1TJP,T1K5QW
KFEG06,X3N7LD
MVX5AL,H3K7YM
A4AAFQ,N6T3QF
KMW3VM,M7X3KP
5QKISV,D7Q4VX
0KVET5,C4V8MK
1C2VB9,T2W6VN
S8QOFB,K7R2HP
9GH68Q,D4X6KC
KMGYWS,H6Y1CB
7J3ZL8,N6T3QF
4OSBP8,X1T9WD
I3N1X0,L6F5QB
XKOKEG,A7K3QX
WMMRMD,D9Y6TN
2DRHPN,L8Y2FN
EVUIOR,J2Q5LB
SOKEQU,C4V8MK
TR91PU,F3M8XW
H9Y01X,N8C2QW
UNHBYV,V2H8SN
5QHYK8,M2Z8LP
R7XVGX,R4H9LF
1Q05TV,L8Y2FN
ACAZG2,W3T9NP
WTUKLV,B6K4YH
RPSHR7,Q4N7WD
54UDNB,L6F5QB
SO68F9,B6K4YH
FAH9AV,F3M8XW
B7ZE52,L6F5QB
CE454D,X3N7LD
WIW6X7,D4X6KC
0SOP2R,F3M8XW
X8CVX3,D7Q4VX
PYBCYV,B6K4YH
2AUW8Q,C4V8MK
1VI024,L8Y2FN
3DFGK1,B6K4YH
LF4EYO,Y1V7DM
DWZ9TK,L3V9RM
FO1TPQ,L8Y2FN
LIEFIU,N1W8GH
NAI4GU,F8Q1RL
YIU6AN,L3V9RM
WTUKLV,C4V8MK
MQKLMM,R9T4VN
9WQ497,T1K5QW
4OSDJ4,X1T9WD
N643H6,L6F5QB
1MEW6D,J7M3WB
8LQXJ3,J2Q5LB
X4ZE9E,N8C2QW
U3GGJG,C7J5TA
ENXF3R,F3M8XW
MKIGG1,N1W8GH
XTGRUM,K9F2MD
YJHKVO,N6T3QF
RV9OJR,M8V4RB
ZLDRD2,F8Q1RL
B1290S,J7M3WB
KT2RD2,K7R2HP
HXEWW7,N1W8GH
FO78P0,X1T9WD
H8DFG7,Q5M7TW
912INP,J2Q5LB
LV1EVP,C4V8MK
1N56YF,M8V4RB
10BYCF,R4H9LF
QMU4NB,V7K1RC
B2N2FN,L8Y2FN
BD7U4M,X8P2KF
QMU4NB,J7M3WB
1SB9AM,W3T9NP
HQV4M9,F3M8XW
DA8YAL,C7J5TA
F7KIDG,D4X6KC
VR06T3,T6R4PX
TZ9U3V,C7J5TA
GWX4SS,F8Q1RL
CWK3OC,L8Y2FN
GOGP1T,Y8L2KM
85FRJK,K9F2MD
C123R1,R9T4VN
EGZIL1,P5L7QZ
8WR5RS,M7X3KP
0TRC89,C6F1YP
INNIQD,X1T9WD
MW2GJZ,Y8L2KM
NJX0QO,Y1V7DM
I8R9N9,N1W8GH
G93Z1G,M7X3KP
10HXOZ,V2H8SN
42TX24,C4V8MK
6PAW3W,B6K4YH
1QXQJQ,V2H8SN
V8GNWN,X1T9WD
D0X3CQ,F3M8XW
327VXI,K7R2HP
NMIX2J,T1K5QW
BH8V1L,R4H9LF
8AJ01W,G5P8TX
4ZKRXV,V2H8SN
IWSYEK,K7R2HP
404CKS,N1W8GH
5ITB61,B6K4YH
RFHTR7,J7M3WB
J60KZD,C6F1YP
B7ZE52,K7R2HP
FK3SFY,M7X3KP
GGAUAZ,K2T8MH
H6XETX,Q5M7TW
PDFYV2,C7J5TA
T4URYU,Y8L2KM
SOKEQU,P8N1XR
HG5G3Z,H3K7YM
GFFNYU,W3T9NP
040UAH,T1K5QW
BJ6CW0,H3K7YM
XQ4Q94,K9F2MD
RGTJVK,L6F5QB
7JZ3P6,Q4N7WD
6IR6FY,K7R2HP
5GL65Q,F3M8XW
WUJKPF,P8N1XR
SO0LY9,V7K1RC
N5KWK8,N1W8GH
0Y7JYV,W9R3KC
L0HQ5Z,K2T8MH
GYEE5K,X1T9WD
JL8WEG,J2Q5LB
9IV11V,J7M3WB
6QB8AT,V7K1RC
41AD1B,T6R4PX
TELRJJ,R1W7XD
KJ8EPY,R4H9LF
KFRZJF,B6K4YH
WNNOGZ,X1T9WD
CKNMD2,A7K3QX
VLER4T,V2H8SN
URE8GC,H6Y1CB
0WFO3I,X1T9WD
QCTOXM,Q9D4JC
9G2D1Z,H3K7YM
DWZ9TK,G5P8TX
1HGR7Z,Y1V7DM
0X0OHS,J7M3WB
9UTJH7,T6R4PX
V0AMJW,W3T9NP
0IPETX,G4H6VP
TU69OC,N6T3QF
Q3IKL3,L3V9RM
NKIJDD,L3V9RM
E78E1L,F8Q1RL
LS6CIE,T1K5QW
XVLD4D,G4H6VP
LRIGJI,G5P8TX
BE5TUC,T2W6VN
8NJAZT,M7X3KP
AMQJLE,Y1V7DM
97879C,G4H6VP
AD40KI,W3T9NP
QJYZAV,B4P9HZ
5QJAYU,M8V4RB
TIUXJD,D9Y6TN
ZUXPM6,V2H8SN
BMDPK3,C4V8MK
MIC7JT,P8N1XR
LIEFIU,M8V4RB
VLK17C,L6F5QB
NA7FOX,C4V8MK
QMC9RW,B4P9HZ
MC6T9L,F8Q1RL
2MHRQZ,V7K1RC
4ZTIQV,M8V4RB
9G2D1Z,X3N7LD
RXQDPF,C4V8MK
2CUVC4,M8V4RB
BP7S17,M8V4RB
FMIFYG,R1W7XD
ZVOY5G,K2T8MH
NLG77K,C6F1YP
N3UV0F,Q9D4JC
MOQP9V,N1W8GH
KA7VUX,Q5M7TW
RD44MQ,Q4N7WD
O0GGZM,M7X3KP
X3R6TP,M2Z8LP
ALZAXJ,P8N1XR
8JR132,P7C9TN
SI9EM5,M2Z8LP
NGMQFP,Q5M7TW
FKKO1K,G4H6VP
NGMQFP,Q9D4JC
OTY5Y6,R4H9LF
UQJF2Z,M8V4RB
8DP1WR,N8C2QW
CB5GWR,D4X6KC
BQVSP6,X3N7LD
QFPMEI,T2W6VN
ILSLCC,J7M3WB
PI46W1,G4H6VP
NGON86,Q4N7WD
MTMZLV,P5L7QZ
A1LOX4,R4H9LF
QZSCFG,H3K7YM
R1I476,P5L7QZ
G8R2JB,M7X3KP
F81MA0,V2H8SN
BH5G5S,Y1V7DM
SYDJ1O,P5L7QZ
O49VVD,W3T9NP
M9GVST,K9F2MD
O84AZC,M7X3KP
O81BL0,D7Q4VX
6K6SVO,M8V4RB
GSPLFB,P5L7QZ
ED3XC1,F3M8XW
7ATSFU,G5P8TX
MVD9JA,X8P2KF
U16ZC1,N8C2QW
T9AIAF,Y8L2KM
0HC1BG,N1W8GH
J4WPP5,G4H6VP
QT2PPD,G5P8TX
ES20EA,P8N1XR
TZ0L10,Q4N7WD
Q1M49J,N1W8GH
SL4XGO,M2Z8LP
1WKGKJ,N8C2QW
5OKMEN,M7X3KP
UTYPKV,R9T4VN
LTG0QB,Y8L2KM
IL1SW7,T6R4PX
6FSSET,V2H8SN
R9JTP5,D4X6KC
CB1Q10,N6T3QF
TIUXJD,R9T4VN
D2503Z,V7K1RC
I08HW8,J7M3WB
0KVET5,L6F5QB
I0R0A6,R9T4VN
7YO6X2,D7Q4VX
MTN25N,W3T9NP
ZZFDIY,C7J5TA
NMIX2J,X3N7LD
YDVTR5,F3M8XW
J3JH4A,F3M8XW
9YPYK6,Y8L2KM
6LCMTP,C7J5TA
ENVMFJ,D4X6KC
7V1QW4,Q4N7WD
2GF4VO,P7C9TN
ZMRPFP,F3M8XW
HANTF5,Y1V7DM
F1N1TD,R4H9LF
BWST28,H1P6ZQ
9WOGUJ,K7R2HP
7J3ZL8,Q5M7TW
NJBMCO,D4X6KC
MENG4F,Y1V7DM
F3IEH2,D7Q4VX
K87WSY,J7M3WB
LF7KL5,T1K5QW
PDZ5B8,D4X6KC
16Q53S,G5P8TX
NU2LCM,V7K1RC
G2H7KX,B6K4YH
QM1N6S,M2Z8LP
WKFXTR,P7C9TN
2GI04V,F8Q1RL
V5RXC1,G4H6VP
YJK19V,V2H8SN
9MX394,C4V8MK
28C0PN,X1T9WD
F0DD3F,P7C9TN
31ABEY,L3V9RM
Z7WAK8,Q4N7WD
ZVW2W6,R4H9LF
GZYPD3,N8C2QW
8BRDQA,B6K4YH
B30DS2,L3V9RM
9S5MOW,X1T9WD
UQN6M6,N8C2QW
L0V4QK,L8Y2FN
1TTS72,L6F5QB
TPK3JD,V7K1RC
9QLTWJ,M2Z8LP
SWNC2L,L3V9RM
KW70YV,T2W6VN
B59U74,Q9D4JC
9HT3TL,H3K7YM
FAH9AV,T1K5QW
LHLPL6,D4X6KC
AUI42O,Y8L2KM
AITY0Y,T6R4PX
LD6SFS,R4H9LF
1VDONT,R4H9LF
ZVW2W6,M2Z8LP
152CXH,V7K1RC
YV9HLK,M8V4RB
IDRNO7,X3N7LD
2MD3VG,R4H9LF
LGU469,V7K1RC
KWCQ1C,J2Q5LB
GLHMGD,H3K7YM
ZVOY5G,Q9D4JC
ESW60P,N1W8GH
8PNZZU,N6T3QF
VAEW3W,P5L7QZ
8JR132,M7X3KP
V7U2M9,H3K7YM
OMSJ5P,X3N7LD
M9GVST,Q5M7TW
7PF2X2,K7R2HP
HWEN13,F8Q1RL
V1Z5BH,B6K4YH
XNN9T6,G4H6VP
8CPCZ0,Q9D4JC
RV9OJR,K2T8MH
17CY2F,M2Z8LP
8DNQSS,T1K5QW
LGU469,B6K4YH
BTBUZM,B6K4YH
41IVJA,Q9D4JC
PGJRED,M8V4RB
68SDVT,K2T8MH
FEBU1L,X8P2KF
KTXGI4,C6F1YP
HKTTCH,X3N7LD
XK86ZQ,X3N7LD
JR8JV7,X8P2KF
912INP,R1W7XD
W1S41O,H6Y1CB
EHW47R,A7K3QX
N3UV0F,H3K7YM
KA7VUX,X3N7LD
ZVOY5G,G4H6VP
71CIIN,F3M8XW
7DQYKC,P7C9TN
QXZVR4,M7X3KP
YYQ8H1,Q9D4JC
3OZMPC,N6T3QF
MGHK0C,P5L7QZ
RN6ZWP,C7J5TA
XQJ2GL,P7C9TN
6L1QVY,R1W7XD
PYUN5Z,L3V9RM
3QTAXC,V2H8SN
AUI42O,D9Y6TN
8R5ENT,F3M8XW
O8TF3C,C4V8MK
H1H1K0,M2Z8LP
9QLTWJ,D9Y6TN
GZYPD3,W3T9NP
122YA9,D4X6KC
2TKYQV,D4X6KC
DSCMN4,X3N7LD
9MX394,L6F5QB
D0S1C3,B6K4YH
KJ1N8E,L8Y2FN
5Z209X,C4V8MK
FBB6EN,D9Y6TN
XQ4Q94,P8N1XR
N1VOU3,H3K7YM
MX2L6M,T2W6VN
3QTAXC,D4X6KC
0UVHVR,L6F5QB
Q0UWI4,V7K1RC
TU69OC,K2T8MH
D0X3CQ,K9F2MD
U0NRXY,W9R3KC
8WMHOJ,T1K5QW
T9AIAF,F3M8XW
APE8DU,Q5M7TW
F5Q180,W3T9NP
VGJFZK,X1T9WD
SO68F9,P5L7QZ
VB1TJP,T6R4PX
JX99UI,L3V9RM
4BZ7T7,M2Z8LP
6DJYZO,X1T9WD
MIVA4Z,D7Q4VX
T6AOJ3,N6T3QF
PKRVRD,M7X3KP
9UPAFB,L3V9RM
O4YLE9,D4X6KC
T3JEAO,Q9D4JC
TAN7RK,X3N7LD
624OAL,J7M3WB
FGABCM,D4X6KC
HM01C2,G5P8TX
RN6ZWP,J2Q5LB
2X4Q2J,W3T9NP
O9L6IZ,P7C9TN
XAOXYU,M2Z8LP
082CGH,T2W6VN
3C36L6,F3M8XW
ZCFIJE,Q4N7WD
HLWOFS,X3N7LD
UQJF2Z,X3N7LD
GUOI63,N6T3QF
MK2743,D7Q4VX
FG7CTY,C7J5TA
URE8GC,G4H6VP
PTFF4O,W9R3KC
1VWCYJ,J7M3WB
UF7TK9,A7K3QX
45SBMW,H6Y1CB
EDABQH,P8N1XR
2SFYLF,X3N7LD
1O4EZC,C7J5TA
ZODEAO,C6F1YP
X69BDP,D9Y6TN
B3PUN2,M8V4RB
3VOZGW,A7K3QX
223KEO,M7X3KP
UBZWKW,C7J5TA
5QJAYU,V2H8SN
QOQVFV,N1W8GH
ZCFIJE,W3T9NP
XCMLKM,K7R2HP
7LV8NS,J7M3WB
H8DFG7,G5P8TX
Q6A8G3,F3M8XW
YUNMSP,Q5M7TW
M012IG,W9R3KC
SOPCTM,G4H6VP
FN1AF4,F8Q1RL
8N0G01,Q5M7TW
ILWAIL,H3K7YM
64BWOZ,H6Y1CB
8CUEM3,T1K5QW
IT7XHU,P5L7QZ
M7W80T,M2Z8LP
5F5CKD,H1P6ZQ
BH7MI1,L6F5QB
IPLRWF,C4V8MK
8CUEM3,L8Y2FN
CYQO4X,K9F2MD
QK9U3H,N8C2QW
39LP0R,A7K3QX
X9JUCF,D7Q4VX
C7PYXL,R1W7XD
HDN35V,Q4N7WD
B3371J,K7R2HP
YWX5FM,C4V8MK
UWHMTM,M8V4RB
U5VDL4,Y8L2KM
H16I1Q,M7X3KP
UD7KHI,K9F2MD
6LCMTP,H1P6ZQ
S3CD0M,Q5M7TW
J23Q53,Y8L2KM
GEXSTF,H6Y1CB
3IHWXK,R1W7XD
404CKS,C4V8MK
C9ZOGU,Y1V7DM
Q9C8PI,J2Q5LB
OUW54O,M7X3KP
QRW5P8,C6F1YP
G8R2JB,T6R4PX
FFC7CU,X1T9WD
5OKMEN,C4V8MK
JWNHPW,X1T9WD
50BI64,D9Y6TN
9OWHR6,W9R3KC
IIXD40,P5L7QZ
7YJUOK,P7C9TN
31ABEY,W3T9NP
S6VSK9,H1P6ZQ
9RBJ8A,T2W6VN
TKTWUP,F3M8XW
XQANGX,B6K4YH
4SPHDP,J2Q5LB
AFKDA5,H3K7YM
RX7KJP,X3N7LD
I5FI7W,B4P9HZ
RPKZJK,B6K4YH
CI6SZU,L8Y2FN
MJ14XO,Y1V7DM
SWNC2L,M2Z8LP
NBFHIF,Y8L2KM
UB9TBR,V7K1RC
VF4VTF,F3M8XW
PPPRHQ,K7R2HP
JVG411,R9T4VN
EYLVX9,H3K7YM
D60UER,R9T4VN
LV1EVP,B6K4YH
864QBE,B4P9HZ
L5J6PE,D7Q4VX
OHRGCT,W9R3KC
SOKEQU,H3K7YM
BUC0S0,P7C9TN
FMIFYG,M7X3KP
VMPU2N,T6R4PX
TAJ5WN,Q5M7TW
3GNA00,K9F2MD
QAVLN5,D9Y6TN
M012IG,F8Q1RL
P2TJ9E,N6T3QF
AZKIDH,X3N7LD
XLJZ6D,H1P6ZQ
UA12XJ,R1W7XD
7H69UE,M7X3KP
A5WE5C,A7K3QX
Y1KXLF,L3V9RM
4HBWJR,D4X6KC
9RBJ8A,P7C9TN
PP2BHP,N8C2QW
7USM3U,L3V9RM
VK2XG0,K9F2MD
EZNCG5,F8Q1RL
122YA9,H1P6ZQ
F75V4U,Q9D4JC
KLDWL4,N6T3QF
WF7Q16,T1K5QW
2B582U,W3T9NP
USQ416,C7J5TA
MYJ728,T6R4PX
F0OSLO,R9T4VN
O6YIYS,Q9D4JC
OLG8CO,T2W6VN
8C4Q07,W9R3KC
EPIUEQ,N1W8GH
J1MVFK,L8Y2FN
SIN074,G5P8TX
Y3OLOB,D7Q4VX
ORHHHG,B4P9HZ
Q64GA0,Q5M7TW
KHL2VL,C4V8MK
FFC7CU,M7X3KP
ABND7Y,P7C9TN
Y1KXLF,Q5M7TW
F0JMBF,C4V8MK
XHK36F,J7M3WB
QP1JKE,J2Q5LB
VAEW3W,M7X3KP
IDRNO7,X8P2KF
5HDS5O,J2Q5LB
2HRVEV,T2W6VN
42TX24,V7K1RC
AAAIIB,X3N7LD
MLA4MH,Y1V7DM
WP3A6I,B4P9HZ
LK0Z7C,J7M3WB
LC4QBL,D4X6KC
2QRBSQ,P7C9TN
F39VZE,K2T8MH
1M949C,M2Z8LP
SHB3OM,H1P6ZQ
9134U0,F8Q1RL
LOHF6N,F8Q1RL
6VXICO,X3N7LD
VBOBGJ,R1W7XD
GOGP1T,W3T9NP
PV5J72,C6F1YP
HOJ6MS,L3V9RM
VXMT3G,M2Z8LP
Q64GA0,Y1V7DM
5VV9VX,Y8L2KM
857FQV,M2Z8LP
65HD3U,L8Y2FN
LG1ZGW,Y8L2KM
7K3GSA,T2W6VN
PYERTD,C4V8MK
4KCNQQ,Q5M7TW
MYJ728,K2T8MH
CR0RKG,P5L7QZ
SP6TKB,J2Q5LB
KFEG06,B6K4YH
ZY6HBY,M7X3KP
RT0H8D,R4H9LF
OE32UG,K2T8MH
VMPU2N,R4H9LF
ZRMB6W,C6F1YP
Z2YO9T,P5L7QZ
CF5EYW,R1W7XD
8G330C,J7M3WB
4TXQO6,M8V4RB
97879C,D7Q4VX
WVXHJ0,Q5M7TW
SOPCTM,P7C9TN
EYYVT0,T1K5QW
J4E2SP,H6Y1CB
MF12P3,T2W6VN
GHH1BR,D9Y6TN
AM18T8,T1K5QW
HGC7GE,V2H8SN
64KHME,M2Z8LP
N7JFT7,M2Z8LP
GSVLP8,D7Q4VX
V0KN1R,Q5M7TW
1Y1QJA,K7R2HP
DG9BV9,R9T4VN
J1MVFK,D9Y6TN
2CBXMB,L6F5QB
9RBJ8A,F8Q1RL
NLQNRV,R1W7XD
47VE0Z,L6F5QB
ABFGHY,G5P8TX
1OEPBP,R1W7XD
X8CVX3,P5L7QZ
GG3UN3,T2W6VN
888EVY,K2T8MH
X766B6,T6R4PX
OUADBW,G5P8TX
AJ0D89,K2T8MH
ITY2U6,N1W8GH
I0XMJM,Q4N7WD
PIQMQ6,P5L7QZ
UB9TBR,F8Q1RL
71JIET,Q4N7WD
5ZHGQ7,Q5M7TW
RLYI3U,J7M3WB
Q1M49J,M7X3KP
MRKEHD,K7R2HP
8AJ01W,T2W6VN
CWATDC,G4H6VP
FMQTXL,T1K5QW
NFA78Q,G4H6VP
2QQZLJ,T1K5QW
2Q3RM2,Y8L2KM
BMDPK3,X1T9WD
QUKV3P,N8C2QW
VEOEKK,T6R4PX
JBT7I9,D9Y6TN
L1KD94,Y1V7DM
HGY9E9,T6R4PX
7G34BO,R4H9LF
3DFGK1,D4X6KC
H9UX5N,N1W8GH
918CXG,C4V8MK
RY6NSO,L3V9RM
BP7S17,P7C9TN
PAP9TS,D4X6KC
0H08HI,X8P2KF
QS6KMG,K7R2HP
5QLS6B,X8P2KF
E2HMB1,Q4N7WD
0WFO3I,F8Q1RL
LJDS1S,J7M3WB
WUJKPF,Y1V7DM
10NYNA,M8V4RB
OW8GPX,K9F2MD
IWSYEK,C4V8MK
XSK2MD,G4H6VP
Z7WAK8,W9R3KC
315Z7D,B4P9HZ
SOKEQU,T2W6VN
FUZOQB,M8V4RB
Q84W61,G5P8TX
HOPKYN,M8V4RB
8N0G01,Q4N7WD
CFI1QZ,P8N1XR
HY4XYO,H3K7YM
NDN0JM,X1T9WD
VGJFZK,H6Y1CB
54S1I1,M8V4RB
HDN35V,P8N1XR
2O5AIU,X3N7LD
YW5HXS,N8C2QW
B68F5C,H6Y1CB
NY7BA6,N1W8GH
73NAHU,A7K3QX
9QLTWJ,L8Y2FN
YJK19V,A7K3QX
N643H6,H6Y1CB
9ZVZ3U,L8Y2FN
F0DD3F,B4P9HZ
JQ70JS,R1W7XD
XSYZP8,P7C9TN
6KW2M1,D4X6KC
G22IQQ,W9R3KC
UA12XJ,J7M3WB
KJLXMS,Q4N7WD
CNR202,T1K5QW
4543QR,Q4N7WD
6MQ4IB,T2W6VN
IZWDO5,B6K4YH
64BWOZ,D9Y6TN
MX2L6M,N1W8GH
HQV4M9,R1W7XD
K87WSY,M7X3KP
X6L46D,D7Q4VX
XN3EAO,L8Y2FN
WCSG3U,F8Q1RL
8WE3A7,T1K5QW
2MJAQE,P5L7QZ
3IHWXK,M8V4RB
8BILVV,V2H8SN
DFPWVR,M8V4RB
XIYGZJ,F3M8XW
8WE3A7,X3N7LD
ZBLGL3,L8Y2FN
VQ85UU,N6T3QF
BMPAKM,N8C2QW
LV1EVP,B4P9HZ
V5VK68,B4P9HZ
5QJBKE,H6Y1CB
9O56U4,H1P6ZQ
5AP2XU,X1T9WD
QCV12B,N8C2QW
9WOGUJ,C7J5TA
QIH50L,W3T9NP
2SY5OS,X3N7LD
7XKTZV,N6T3QF
A7Y8BG,L3V9RM
AXUVF7,K7R2HP
K4Y0UK,N6T3QF
UWAJ1U,C6F1YP
XPKD1H,Q4N7WD
2JSIUR,V7K1RC
4ZTIQV,V7K1RC
QRW5P8,P5L7QZ
XQANGX,Q9D4JC
X5Y03Y,D7Q4VX
8DNQSS,W3T9NP
1O4FT6,R1W7XD
BPZ2CX,B4P9HZ
X6L46D,K7R2HP
C0ER3H,L3V9RM
A94MAZ,W9R3KC
M7D9TK,B6K4YH
5QJBKE,L8Y2FN
0HRYQC,N1W8GH
H7Y2PJ,A7K3QX
6QK5AU,X1T9WD
ZPWH1S,M2Z8LP
V1SQVO,T1K5QW
IXRLHI,H3K7YM
ZLDRD2,G4H6VP
TIUXJD,Q4N7WD
PP2BHP,F3M8XW
PDD0GX,D9Y6TN
PZJXU1,M2Z8LP
7D4GLS,L3V9RM
HLHXYZ,Q4N7WD
QIH50L,C4V8MK
01DPC6,R9T4VN
ZSW7QE,X3N7LD
SEW2NO,K9F2MD
KVKDDT,L3V9RM
HO2XCN,R1W7XD
XBIKDO,D7Q4VX
34SVP6,A7K3QX
BQVSP6,V2H8SN
RIUQVF,X3N7LD
NP409J,P8N1XR
5P1118,H6Y1CB
EY1SC1,B6K4YH
FJGZHX,P8N1XR
5QJBKE,X3N7LD
ICOIE2,X3N7LD
QGAVTH,P7C9TN
SQO1AO,D9Y6TN
8EEZS3,H6Y1CB
T1SWHK,L3V9RM
UCKH86,N1W8GH
5SGUY1,D9Y6TN
QRW5P8,T2W6VN
UHKEY2,M7X3KP
OE32UG,A7K3QX
RPSHR7,A7K3QX
4JZMWN,M7X3KP
740NMU,C7J5TA
RN6ZWP,H6Y1CB
JDDL79,M7X3KP
BI8O5V,Y8L2KM
8NHMCO,Q5M7TW
B8ZG73,K7R2HP
8NJAZT,M2Z8LP
9NWJCV,V7K1RC
RUSGH1,R9T4VN
PGJSOA,G5P8TX
BPDFJS,N8C2QW
3S8DYZ,L3V9RM
JEVFGU,Q4N7WD
040UAH,P8N1XR
LEQQ3B,R9T4VN
URG89A,Q4N7WD
G67VWK,Q5M7TW
LD6SFS,K9F2MD
NFU2NU,L6F5QB
QU089G,W9R3KC
8JT15T,X8P2KF
2KHTGI,M2Z8LP
LXK14I,J7M3WB
HLWOFS,H6Y1CB
CL9074,Y8L2KM
OZP1D8,G4H6VP
WZGMKL,T6R4PX
D0P6LD,X1T9WD
YCFFSD,Q9D4JC
AT400J,V2H8SN
GOGG86,M8V4RB
XXF0ZG,P7C9TN
G2WTCX,G4H6VP
0P53CO,T2W6VN
WWXTH6,C7J5TA
EB10D8,C7J5TA
6Z1JST,B6K4YH
KED7GH,P5L7QZ
NMIX2J,D4X6KC
5AP2XU,G4H6VP
ZCFIJE,Y1V7DM
TAN7RK,L8Y2FN
WF7MSV,Q9D4JC
ROQRZK,B4P9HZ
V0YY68,D4X6KC
YG75BY,Q9D4JC
5GL65Q,R1W7XD
UUOIGF,H6Y1CB
Z1RA5A,H3K7YM
647SDN,N6T3QF
745KM0,R9T4VN
EY1SC1,D7Q4VX
FT5BEZ,R4H9LF
I5UWGT,C6F1YP
WFB0NG,H1P6ZQ
7G5U0T,B6K4YH
0VSKBU,N1W8GH
T8US0Y,T2W6VN
XQ56F1,M8V4RB
VB1TJP,L6F5QB
T6LM24,C6F1YP
7ERPXR,L3V9RM
I73UZ2,W3T9NP
CI7JGQ,L8Y2FN
RB7EOY,K9F2MD
RGTJVK,L8Y2FN
D0S1C3,Y8L2KM
5ITB61,Q5M7TW
JBVSG1,G4H6VP
4WNAVG,N1W8GH
LTCHHZ,G4H6VP
ZZUH9M,N1W8GH
RPO25M,H6Y1CB
O8X1HB,M7X3KP
AKD0G7,T2W6VN
FZ4323,T1K5QW
YDTK7R,R9T4VN
WVLB76,T2W6VN
BE5TUC,Y8L2KM
2R0KBA,Q9D4JC
XBIKDO,X3N7LD
3X7MCM,B6K4YH
MUUMQQ,C4V8MK
AZKIDH,B6K4YH
B5SPVR,X1T9WD
Q6VB4N,N8C2QW
OE32UG,M7X3KP
HRTZLU,K2T8MH
4HYU8A,Y1V7DM
ICOIE2,D9Y6TN
FA9CYN,P8N1XR
DCB2EY,T2W6VN
1UH35C,N8C2QW
HTDZRK,T6R4PX
MVZ87K,L3V9RM
Y5F0RU,J2Q5LB
WIDI4O,V7K1RC
7U5PX8,D4X6KC
K17MY3,C4V8MK
HLWOFS,P8N1XR
0G3YFJ,R1W7XD
6BAB8V,K9F2MD
GW6V3R,X8P2KF
8OCA9M,K2T8MH
647SDN,K9F2MD
E5SSIU,A7K3QX
TZ0JQ0,D7Q4VX
6EUA0T,L3V9RM
9GBCW2,L3V9RM
AAROBP,C6F1YP
VZG7N1,H1P6ZQ
KEK2CK,K2T8MH
EE198P,T1K5QW
I1GGI7,C4V8MK
FMQTXL,B6K4YH
HXEWW7,L8Y2FN
KES15B,Y8L2KM
DIA9UQ,X8P2KF
SWGNN0,L3V9RM
2GJEJT,Q5M7TW
XOMAG9,M8V4RB
G7RBZ2,V7K1RC
CNR202,G5P8TX
ASFNF1,D7Q4VX
2Q3RM2,D4X6KC
JK5I06,Q9D4JC
RJD2F3,Y8L2KM
XDQCRT,C7J5TA
QVUV4V,K7R2HP
0QEFFE,Q4N7WD
LW1N7R,W9R3KC
43L1DA,F3M8XW
HHX4ME,K2T8MH
2F3AYM,H3K7YM
MW2GJZ,F8Q1RL
MIC7JT,D9Y6TN
874DU1,N8C2QW
9R0784,X1T9WD
5GXMJI,Q4N7WD
3QYQDX,R1W7XD
FQO46A,M7X3KP
F9GONM,G4H6VP
UERSZW,K7R2HP
8HQ90K,B6K4YH
TR91PU,L6F5QB
JT4IUD,C4V8MK
NSFLWS,F3M8XW
KK7XDY,A7K3QX
8S3911,H3K7YM
5RAEMZ,L3V9RM
N1VOU3,Q9D4JC
VJ6SGZ,L3V9RM
NAI4GU,X3N7LD
DXBT3P,K9F2MD
2VA6VR,W9R3KC
E0KYKH,M7X3KP
8GEU5P,K7R2HP
YKWOHM,Y8L2KM
I1XCM2,F3M8XW
GGAUAZ,J7M3WB
OTTCIR,Q5M7TW
UOON1I,P8N1XR
QPYA9V,Q4N7WD
AAR3AZ,M7X3KP
2QQZLJ,K2T8MH
MH4UHS,P8N1XR
LQWSLU,J7M3WB
7ITX98,L8Y2FN
CDLOMX,K7R2HP
5PO0ZD,L3V9RM
MWRKS8,G4H6VP
TRB3L9,M7X3KP
WF7Q16,K2T8MH
BKQ4HJ,K9F2MD
47FMT7,N6T3QF
6Z1JST,D7Q4VX
17YCPS,V2H8SN
WTTN9T,H1P6ZQ
IF6T2F,Q4N7WD
41AD1B,H3K7YM
1INS6Q,F8Q1RL
7K3GSA,B6K4YH
E5SOMO,T1K5QW
2ZCGOX,X1T9WD
EUPQJW,W9R3KC
8NVN65,C6F1YP
L1GYV5,F3M8XW
DNZFB5,K2T8MH
VD762J,T2W6VN
FRM2I6,A7K3QX
1401FS,X8P2KF
YCDD9I,A7K3QX
D1Y4FF,R4H9LF
E9WGY0,F8Q1RL
SWGNN0,N6T3QF
VEOEKK,F8Q1RL
6LCMTP,T1K5QW
MDUFSV,L8Y2FN
A7N8KJ,W9R3KC
9Q2I3C,R4H9LF
PS24SQ,N8C2QW
YUNXWI,H1P6ZQ
Z7FIMC,R1W7XD
98ZJJ1,J7M3WB
ECROW7,C7J5TA
J60KZD,D9Y6TN
1M25ES,V7K1RC
KDGJD6,D9Y6TN
G4J8W3,C4V8MK
L4GZE2,X3N7LD
GOQHTR,Y8L2KM
VI0K7Y,M8V4RB
1V40AX,T1K5QW
2TKYQV,G5P8TX
MNGQCB,R9T4VN
H4JVNV,C6F1YP
O4YLE9,D7Q4VX
GUPT25,M7X3KP
XSYZP8,Q9D4JC
LW1N7R,K7R2HP
MWG82P,C4V8MK
7XX6KQ,H1P6ZQ
TKTWUP,X3N7LD
ZJCK3D,C6F1YP
SG59QU,L8Y2FN
8XWEUI,M8V4RB
2M6VBO,T1K5QW
YLKH2E,N8C2QW
QS6KMG,W9R3KC
EQK5OT,B4P9HZ
ZB20HD,K2T8MH
5GXMJI,F3M8XW
AWH1PT,N6T3QF
FE8F1N,M8V4RB
I5MM12,P8N1XR
X6L46D,P5L7QZ
T23MIZ,V7K1RC
3PKHP7,T2W6VN
77H5RP,D4X6KC
6MQ4IB,Y8L2KM
ERWKLA,T6R4PX
GA9NBY,B4P9HZ
XQ56F1,Q5M7TW
HMGXYY,D7Q4VX
BNYIVH,L3V9RM
JDDL79,X1T9WD
9G2D1Z,D9Y6TN
8J2HS1,K2T8MH
NGON86,P8N1XR
X3R6TP,J7M3WB
8N0IV5,M7X3KP
YPEG3Y,J2Q5LB
TRB3L9,P5L7QZ
8EXM1S,H1P6ZQ
ZT4LKC,Y1V7DM
8AJ01W,F3M8XW
A9XXEY,Y1V7DM
RLYI3U,V2H8SN
M5HS2T,N1W8GH
K6ERAZ,L6F5QB
J8W6FE,K2T8MH
QK9U3H,T1K5QW
CB1Q10,D9Y6TN
71CIIN,M7X3KP
XCACXZ,V2H8SN
GI6I1O,Q5M7TW
7K3GSA,M8V4RB
NDN0JM,G5P8TX
NNB7Y3,D7Q4VX
LMYWUM,L3V9RM
UBGY94,N1W8GH
4DIO6U,B6K4YH
MC6XA6,H3K7YM
TKUMKQ,M2Z8LP
T1MTN4,C6F1YP
EYYVT0,C4V8MK
S8QOFB,H3K7YM
DCB2EY,X3N7LD
DKBY1C,H6Y1CB
X5Y03Y,H6Y1CB
1MSRIH,C4V8MK
0W9LWN,P8N1XR
LGU469,D4X6KC
AUHFAN,K2T8MH
X37MQA,L8Y2FN
XEEQDT,Q9D4JC
F1N1TD,N1W8GH
21T34F,B4P9HZ
UWJQJZ,B4P9HZ
PTB72H,M7X3KP
4OVOJM,T6R4PX
9E86JO,J2Q5LB
FB649W,T1K5QW
FYJMVS,V7K1RC
ZZUH9M,J7M3WB
QLQAIY,N6T3QF
71JIET,G5P8TX
7XNB53,W9R3KC
POHA0U,T1K5QW
LKCRT0,N6T3QF
2MHRQZ,L8Y2FN
0PPRGB,J7M3WB
ZY6HBY,Q4N7WD
8QC1JB,L8Y2FN
9WQ497,C6F1YP
P1SMF7,F8Q1RL
87WZTF,T1K5QW
XU12YP,P5L7QZ
BKQ4HJ,R9T4VN
2T113H,P8N1XR
EYLVX9,T2W6VN
C3CH1A,B4P9HZ
O81BL0,R4H9LF
IMOL7E,C7J5TA
MNGQCB,M7X3KP
76ODAN,C6F1YP
VAEW3W,F3M8XW
2P8H5F,N6T3QF
XCACXZ,R1W7XD
95T2QE,V2H8SN
HKRXIU,D7Q4VX
LUMY1O,H1P6ZQ
H4Z1WD,D7Q4VX
S2PBHY,D9Y6TN
0XDD5T,X1T9WD
VQLQLY,P8N1XR
PP2BHP,X3N7LD
S8QOFB,P5L7QZ
PS1VPE,Q9D4JC
01R7XA,L6F5QB
34SVP6,C6F1YP
II1F99,K9F2MD
54BJM6,H3K7YM
F4QWRC,L3V9RM
I0R0A6,N1W8GH
U3HPAI,L8Y2FN
3OZMPC,T1K5QW
9RBJ8A,L6F5QB
VH8P8I,P5L7QZ
61KVS3,C6F1YP
91MK5J,T2W6VN
0KQMVV,R4H9LF
AFM5E4,K7R2HP
ZLZ5ZJ,H6Y1CB
YMWU0W,A7K3QX
DNZFB5,R1W7XD
5RNCIU,P8N1XR
CDWUZN,H3K7YM
AYDRTA,D7Q4VX
2GUQ65,R9T4VN
OVNSME,L6F5QB
YX36U9,Y8L2KM
JTEZYE,M7X3KP
7816CN,D7Q4VX
HX2H19,H3K7YM
1VTWAI,H6Y1CB
7HGYEG,X8P2KF
G2WTCX,J2Q5LB
NEQ811,D9Y6TN
OC4NSL,J2Q5LB
PCKHYV,M2Z8LP
2C6W83,M2Z8LP
6AY14U,Q9D4JC
624OAL,K7R2HP
FZ4323,C4V8MK
WMJXVD,K9F2MD
SDJQCO,X8P2KF
JT5IZA,Y1V7DM
8B0NQO,H6Y1CB
XLWFCA,H1P6ZQ
R6LTYW,L8Y2FN
EQK5OT,D4X6KC
4T7OF7,X1T9WD
D0S1C3,X1T9WD
C2NQMS,B6K4YH
1F98VP,M2Z8LP
6FSSET,L6F5QB
6BDM9F,K2T8MH
0OZ0T5,M8V4RB
11ZB4I,H6Y1CB
QE57OZ,F3M8XW
VQLQLY,J7M3WB
2B582U,M7X3KP
4F8HHY,G5P8TX
QAXZUX,C6F1YP
HL7AZ7,C7J5TA
A7NVD4,C7J5TA
2DIX1F,D7Q4VX
9BV30R,C7J5TA
MT5L1W,K9F2MD
1HGR7Z,F3M8XW
9LVQHG,F3M8XW
SOB3VN,X8P2KF
8QC1JB,J7M3WB
F0278Y,L3V9RM
JICGHC,A7K3QX
78L5A6,P7C9TN
TUR8LC,W3T9NP
5H9Z8O,G5P8TX
C2NQMS,P8N1XR
YCDD9I,Y1V7DM
G8R2JB,C4V8MK
QGAVTH,R9T4VN
IJJY23,H6Y1CB
Z6EDDL,D7Q4VX
41AD1B,R1W7XD
HOKIZ1,D7Q4VX
UFEDKZ,L6F5QB
G93Z1G,J2Q5LB
F0OSLO,K2T8MH
QXZVR4,Q4N7WD
O49VVD,L8Y2FN
CFI1QZ,C4V8MK
FJMDLY,V2H8SN
21T34F,N8C2QW
YUNXWI,T2W6VN
GOSTGO,B6K4YH
LW1N7R,T6R4PX
FYJMVS,R9T4VN
C2NQMS,W9R3KC
THBPCV,K7R2HP
P5D907,C4V8MK
EGYV3T,D9Y6TN
OS757X,K2T8MH
GP9GR5,D9Y6TN
MZODAX,X1T9WD
Q6FPOU,M7X3KP
CDOA2D,K9F2MD
8MU8SY,H6Y1CB
XEEQDT,L3V9RM
Z6EDDL,K9F2MD
G7RBZ2,N1W8GH
M3HLN6,W9R3KC
WIW6X7,X8P2KF
S36B4D,F3M8XW
T3JEAO,K9F2MD
I6PAL9,Q4N7WD
FK3SFY,T2W6VN
9M75QJ,K9F2MD
HL7AZ7,V7K1RC
UFYJLD,C6F1YP
1V2R8M,Q9D4JC
S3D2LJ,F8Q1RL
ABFGHY,K9F2MD
2VA6VR,Y8L2KM
B4HTER,R4H9LF
B2VGO1,G5P8TX
H4Z1WD,F8Q1RL
10NYNA,H1P6ZQ
G07BRR,H1P6ZQ
FUTCSX,M2Z8LP
WITR24,N8C2QW
JL8WEG,Q5M7TW
VGJFZK,N8C2QW
LUMY1O,R9T4VN
TOUINZ,Q5M7TW
TPK3JD,X8P2KF
V1SQVO,P7C9TN
G22IQQ,R9T4VN
7DFI8W,D9Y6TN
2UZW8A,P8N1XR
3P8KP2,P7C9TN
YLV4IM,N1W8GH
L63OXE,J7M3WB
NMIX2J,C6F1YP
KWCQ1C,C4V8MK
7Z9H35,J2Q5LB
PO0PQC,M8V4RB
YIU6AN,C4V8MK
OZI860,B4P9HZ
L0QAIJ,Y8L2KM
4HYU8A,L8Y2FN
M7W80T,H6Y1CB
QN9NOP,B6K4YH
JWNHPW,J7M3WB
GHH1BR,D7Q4VX
SG59QU,M7X3KP
DXP36Z,L6F5QB
WFB0NG,N8C2QW
E55YYZ,B6K4YH
81T5RC,T6R4PX
E4M480,B6K4YH
1WKGKJ,X1T9WD
4TXQO6,C6F1YP
2GUQ65,B6K4YH
QJMZTT,N1W8GH
YY3LW5,L6F5QB
1INS6Q,R1W7XD
RFCA46,W3T9NP
QPN9GM,M7X3KP
832HQB,P8N1XR
0TRC89,F3M8XW
GW6V3R,R4H9LF
KDGJD6,N1W8GH
VNH578,V7K1RC
M8W9A8,R9T4VN
OSNHGP,D4X6KC
73NAHU,G5P8TX
VD762J,M7X3KP
G7RBZ2,F3M8XW
ORWFN2,B6K4YH
7NHI6W,T6R4PX
81T5RC,M8V4RB
E0KYKH,Q4N7WD
VEMXMS,R4H9LF
JJTLE6,P7C9TN
EQK5OT,L8Y2FN
CR0RKG,Q9D4JC
D482SK,G4H6VP
XXK4T4,X3N7LD
TR0AUB,H1P6ZQ
65Z9AM,D4X6KC
918CXG,X8P2KF
OKSLF0,K7R2HP
DV2JY7,X1T9WD
346YTY,L8Y2FN
Z5JSPZ,N8C2QW
342TB7,B4P9HZ
8LZX10,B4P9HZ
KIC7C2,R4H9LF
T648ST,N6T3QF
0KQMVV,Y1V7DM
2T3PXS,F8Q1RL
T7GI2O,L6F5QB
GPAONK,H1P6ZQ
74U2G4,C4V8MK
Q4X8CO,T1K5QW
GSYXEU,C4V8MK
X11EC6,D9Y6TN
I5MM12,B6K4YH
0UVHVR,V7K1RC
WBGFJX,N6T3QF
YH9RBN,K9F2MD
4ZMI99,M2Z8LP
9ECEG9,H6Y1CB
VM5OI4,C7J5TA
ZY6HBY,D7Q4VX
50BI64,Y1V7DM
NJBMCO,T2W6VN
UA4HQ5,W3T9NP
Z52X18,T1K5QW
2GUQ65,H1P6ZQ
O84AZC,D9Y6TN
H6XETX,X8P2KF
ZX6EY3,X1T9WD
WTIP5U,B4P9HZ
8MO3NN,T1K5QW
PI46W1,R9T4VN
J7PZCR,Q5M7TW
VT2ZFL,D7Q4VX
Q8U9E3,A7K3QX
1VTWAI,W9R3KC
R96OQW,B4P9HZ
BUC0S0,M8V4RB
IZHFLH,Y8L2KM
VFV0QF,V7K1RC
TIPME4,X3N7LD
Z5JSPZ,G4H6VP
RZQZEG,L3V9RM
5SGUY1,L8Y2FN
832HQB,D4X6KC
FOWDUS,P7C9TN
3QUHKJ,Y8L2KM
FUTCSX,R1W7XD
BI378T,B4P9HZ
HMSPZ2,F3M8XW
6CC3KK,Y1V7DM
R6WXRP,C4V8MK
3S8DYZ,A7K3QX
O06EP8,G5P8TX
9UPAFB,C6F1YP
GYEPJC,X8P2KF
RMTZWT,F3M8XW
TU6IFE,P8N1XR
UBIHY2,P5L7QZ
SOWKOG,F3M8XW
UF5LU5,P7C9TN
T7GI2O,V7K1RC
KMGYWS,N1W8GH
MLA4MH,P8N1XR
E2BOPG,K9F2MD
MZYG0Z,W9R3KC
EUY2OA,T6R4PX
V5G37B,Y1V7DM
VM0G1G,L6F5QB
TAN7RK,V7K1RC
PDFYV2,T6R4PX
XOWBLQ,J7M3WB
GSPLFB,R4H9LF
F2KHZA,Q4N7WD
NE6GS4,K7R2HP
HTTE9C,X1T9WD
MENG4F,B6K4YH
2UZW8A,M7X3KP
8GEU5P,N6T3QF
CL9074,X1T9WD
PNPIEC,N1W8GH
WWAFEU,N8C2QW
JK5I06,M8V4RB
G9LZXS,B4P9HZ
GWZPX1,H1P6ZQ
5W3GKL,B4P9HZ
41IVJA,X3N7LD
122YA9,C6F1YP
YJ8KKG,M8V4RB
XK86ZQ,V2H8SN
YCBQW5,R4H9LF
HJQ8DH,M2Z8LP
ZT4LKC,H1P6ZQ
2WE9QP,R4H9LF
D1Y4FF,F8Q1RL
B4HTER,D9Y6TN
BPZ2CX,C4V8MK
OLF3K8,F8Q1RL
BR2X46,Q9D4JC
MI518D,D4X6KC
KVKDDT,D9Y6TN
T1SWHK,H3K7YM
EKIBG6,R9T4VN
Z5OZHB,C4V8MK
ZNNPYS,T1K5QW
8BFHRN,J7M3WB
RHN29B,D9Y6TN
Q9LODL,L3V9RM
GDV6DA,J7M3WB
1UZ2AS,D9Y6TN
BTGBXB,R1W7XD
PG7K0M,C6F1YP
7HFASN,L3V9RM
DWZ9TK,R1W7XD
Y3OLOB,V2H8SN
EZPVWW,M7X3KP
BP8HJI,Q9D4JC
Q3IKL3,N1W8GH
8VL3KN,R4H9LF
URY1MI,Q5M7TW
MKDGJI,B4P9HZ
SLVOF7,L8Y2FN
0IPETX,Q4N7WD
ZM9HP9,B4P9HZ
WOI5ZU,P5L7QZ
41UQQ4,M7X3KP
MDEGDV,H6Y1CB
R6FYS9,T1K5QW
JUVU5A,L3V9RM
ETYNLA,X8P2KF
QOO7VQ,Q4N7WD
H8DFG7,D9Y6TN
8C4Q07,G4H6VP
WBAVO4,D7Q4VX
KHG8AN,V7K1RC
BI378T,Q5M7TW
O3EHCE,Q9D4JC
9ZQZ7O,N6T3QF
88ZAKG,D7Q4VX
YFJSZY,R4H9LF
FLVQ9X,K9F2MD
6QB8AT,X3N7LD
5RNCIU,C4V8MK
VK9RLE,K7R2HP
I4B8QZ,N8C2QW
NGMQFP,H1P6ZQ
8PZM53,F3M8XW
AHU681,T2W6VN
C5DFGJ,K7R2HP
5O8FWA,P5L7QZ
SIN074,F3M8XW
NP409J,Q5M7TW
U76MQC,M2Z8LP
84GKQB,X1T9WD
03G9TC,C7J5TA
PZJXU1,T2W6VN
6AY14U,T6R4PX
YFJSZY,D7Q4VX
VQ4WBP,J2Q5LB
YNV549,H6Y1CB
X766B6,R1W7XD
4KCNQQ,M8V4RB
FG7CTY,B6K4YH
VLER4T,C7J5TA
T1SWHK,F3M8XW
RKXWR1,C7J5TA
UFYJLD,T1K5QW
QSFMFY,J7M3WB
MI518D,A7K3QX
ORSIGH,B4P9HZ
IAL07Z,K9F2MD
FXL0KM,Q4N7WD
ENXF3R,H1P6ZQ
Y4GIUL,D7Q4VX
5T8WEQ,C6F1YP
71JIET,B4P9HZ
XP8TTD,P7C9TN
8J2HS1,T2W6VN
JWVD5E,Q4N7WD
JQ70JS,T1K5QW
1OD888,H6Y1CB
2BKJQE,R1W7XD
MY68JR,J7M3WB
UV14NZ,N8C2QW
T648ST,C7J5TA
R9JTP5,K9F2MD
YQ7ARZ,X3N7LD
RJD2F3,J7M3WB
76ODAN,X3N7LD
0KKQUN,D4X6KC
85LX0A,N6T3QF
WDJEX6,R9T4VN
XB0P5Y,N8C2QW
DWTDWZ,M2Z8LP
CDOA2D,G5P8TX
WVLB76,V7K1RC
SIN074,J2Q5LB
1M7CBN,C6F1YP
5QLS6B,F8Q1RL
TY5RX4,Y1V7DM
FI03YS,B4P9HZ
GHH1BR,T6R4PX
U8KFVL,L8Y2FN
9MCOM8,V7K1RC
9YPYK6,N8C2QW
D56HLM,N1W8GH
URG89A,H1P6ZQ
RHC6KI,N1W8GH
8ASRQK,N6T3QF
RXQDPF,R1W7XD
4L6TV4,M2Z8LP
GUOI63,M8V4RB
VZG7N1,P8N1XR
IVGZG1,H3K7YM
WITR48,W9R3KC
FN1AF4,D9Y6TN
PH68EG,H3K7YM
K0KPZT,N8C2QW
0KSBMB,C6F1YP
C4PYTT,Q5M7TW
6I5FXG,B4P9HZ
3VOZGW,Q5M7TW
VMIZQ5,T1K5QW
ALZAXJ,B6K4YH
A4SQL6,F3M8XW
CYQO4X,F3M8XW
XSK2MD,X3N7LD
6K6SVO,B4P9HZ
0KKQUN,M2Z8LP
M1NVMP,Y1V7DM
NEQ811,Y1V7DM
MQWPCR,W3T9NP
B0V2JV,Q5M7TW
6JQQMJ,C7J5TA
3V715L,N8C2QW
2BKJQE,G5P8TX
7LGG5W,H1P6ZQ
YKWOHM,Y1V7DM
WCSG3U,T6R4PX
HLHXYZ,D4X6KC
L9EIM1,H3K7YM
YX5ZM4,M2Z8LP
MY951G,X1T9WD
OPIS9X,J7M3WB
XYIQ3W,P5L7QZ
J8QL1Q,C6F1YP
JF95EL,T1K5QW
RPKZJK,Q9D4JC
IC22NM,P8N1XR
CAK4E3,X1T9WD
JN9KX0,Y8L2KM
5P1118,M7X3KP
5Z8NBE,Q9D4JC
SW6CX0,V7K1RC
M9GVST,M8V4RB
B2CEYJ,F3M8XW
FBXMXB,W9R3KC
0SOP2R,T6R4PX
8LQXJ3,C4V8MK
WFGNAK,D9Y6TN
GHI3E2,T1K5QW
8H3DJF,G4H6VP
HMVUGP,J2Q5LB
HTTE9C,Y1V7DM
Y1MX54,X1T9WD
1MEW6D,D4X6KC
1BJG6A,R9T4VN
HV4QGZ,P7C9TN
V5SUAA,K7R2HP
0HC1BG,P7C9TN
SPI80A,T6R4PX
8YYK2H,N1W8GH
M520GA,V2H8SN
TGKAN4,H1P6ZQ
SOWKOG,R9T4VN
OPSGSI,P8N1XR
WKFXTR,X3N7LD
FBPM96,N1W8GH
K83UAG,P5L7QZ
2YQ2O6,C7J5TA
13ZYZL,X3N7LD
H9UX5N,M7X3KP
864QBE,M8V4RB
O7VEDN,M2Z8LP
WCSG3U,L6F5QB
T8US0Y,L8Y2FN
9LVQHG,R9T4VN
A7HH7K,Y1V7DM
E2BOPG,Q9D4JC
A6NN58,H3K7YM
UQN6M6,V7K1RC
FK3SFY,J2Q5LB
1MEW6D,Y8L2KM
9VLR10,B6K4YH
Q75G01,Q5M7TW
0TRC89,M2Z8LP
ENVMFJ,M2Z8LP
SS5JOQ,H6Y1CB
OJ24SC,H3K7YM
MOQP9V,L8Y2FN
9VH874,T1K5QW
81T5RC,K2T8MH
MVD9JA,C6F1YP
9Q2I3C,V7K1RC
B97MD1,F3M8XW
5RAEMZ,M2Z8LP
J7Q8YX,Y1V7DM
YCFFSD,T6R4PX
D1U8W2,B4P9HZ
OXSJ4V,H3K7YM
DG9BV9,F8Q1RL
0KQMVV,P5L7QZ
ZVNMFG,M7X3KP
9ELRKV,T2W6VN
0PPRGB,R1W7XD
GSPLFB,M2Z8LP
IVGK8G,X1T9WD
YWX5FM,R1W7XD
1BJG6A,J7M3WB
3DXT05,R4H9LF
3G10AD,R4H9LF
RPDDWI,W9R3KC
T6P9CQ,C6F1YP
AAR3AZ,M2Z8LP
MKIGG1,P7C9TN
SUBU66,F8Q1RL
Y41RG8,L8Y2FN
VFV0QF,H1P6ZQ
1LBHGI,M7X3KP
XEZ9FN,K2T8MH
T1MTN4,P5L7QZ
X69BDP,M2Z8LP
TZ6PA9,Y1V7DM
10HXOZ,D4X6KC
ZFRANH,T2W6VN
SHB3OM,X3N7LD
GW6V3R,P8N1XR
34SVP6,L6F5QB
J24U0Q,R1W7XD
XVLD4D,K7R2HP
3OZMPC,Y1V7DM
8EEZS3,Q4N7WD
7YL6FS,T1K5QW
JKCMUU,Y8L2KM
M7W80T,L6F5QB
MI518D,K9F2MD
K83UAG,B6K4YH
ESW60P,W9R3KC
LKQ4A1,D9Y6TN
B3PUN2,C6F1YP
J8QL1Q,K9F2MD
8S0K2U,H6Y1CB
NFA78Q,P7C9TN
K5SXUP,V7K1RC
LKQ4A1,N1W8GH
Y1MX54,Y8L2KM
FOS8N6,C7J5TA
9GZDOY,T1K5QW
1VTWAI,N8C2QW
A97IEQ,F3M8XW
BNYO12,D9Y6TN
7HGYEG,V7K1RC
V43IBC,Q9D4JC
PYTPAG,M8V4RB
54S1I1,F8Q1RL
L1KD94,X8P2KF
B4HTER,M7X3KP
AXUVF7,M8V4RB
TOKFP7,K7R2HP
FPV8GM,D9Y6TN
O8X1HB,P5L7QZ
F47JX8,N8C2QW
4JZMWN,X8P2KF
8NVN65,Q4N7WD
6IR6FY,P5L7QZ
RY6NSO,G5P8TX
RB7EOY,B6K4YH
T23MIZ,J7M3WB
CMLII1,B4P9HZ
M2Z35H,P5L7QZ
V6O2QU,T2W6VN
Y89GN4,Q9D4JC
UR53AL,T1K5QW
WT7GTX,X3N7LD
CFI1QZ,H3K7YM
JN9KX0,W9R3KC
GLHMGD,Y8L2KM
ABHQNT,G4H6VP
HLXMIT,L6F5QB
A6NN58,H1P6ZQ
YSMMT6,V7K1RC
1YJ1OL,X3N7LD
5QHYK8,J7M3WB
X25B1G,N8C2QW
00FH4V,G4H6VP
9GVOG1,L3V9RM
4013NW,K9F2MD
EB10D8,T1K5QW
8JR132,Y8L2KM
7PMVWP,D9Y6TN
QOQVFV,Q4N7WD
VK2XG0,W9R3KC
JOF880,A7K3QX
FG7CTY,C6F1YP
B7GSLU,B6K4YH
85FRJK,B4P9HZ
AITY0Y,N1W8GH
KJ8EPY,M8V4RB
7LRIAV,Q9D4JC
Y1K416,D9Y6TN
Z99DCQ,K2T8MH
81T5RC,N1W8GH
B30DS2,G5P8TX
XPKD1H,N8C2QW
RFHTR7,D4X6KC
340CMQ,L6F5QB
OPNCE6,Y8L2KM
4HBWJR,V2H8SN
FUZOQB,P7C9TN
DFR0FK,G5P8TX
QZ0ZFD,P8N1XR
5HBKW0,L3V9RM
3C2DOW,T1K5QW
RFHTR7,C7J5TA
8NJAZT,L3V9RM
WFGNAK,C7J5TA
HO2XCN,Y8L2KM
KBABJH,H1P6ZQ
R96OQW,Y1V7DM
Y1K416,W3T9NP
FTIPT6,P7C9TN
QJMZTT,A7K3QX
5UJFOX,C4V8MK
00X9JE,W3T9NP
FMRKIH,P8N1XR
M5KAVT,Q9D4JC
Q96K66,Q5M7TW
O81BL0,N6T3QF
AMM6SF,M2Z8LP
U5T5NQ,P7C9TN
9GBCW2,M8V4RB
SJFVZW,X3N7LD
XVE4TS,C4V8MK
1AZUF8,H1P6ZQ
P87D36,G5P8TX
17XX6W,X1T9WD
315974,T6R4PX
77SQFR,D9Y6TN
4NC6EO,R1W7XD
K5SXUP,K9F2MD
6HXP9N,N8C2QW
F75V4U,L6F5QB
9TBANJ,D7Q4VX
CB5GWR,V2H8SN
F7KIDG,C6F1YP
J6ESVJ,J7M3WB
I3N1X0,H6Y1CB
B5R91E,D9Y6TN
315Z7D,C7J5TA
C3JD3R,C4V8MK
D315ZL,P7C9TN
QGAVTH,N1W8GH
VQAMI9,P8N1XR
KJ0UE7,K7R2HP
7TGWYL,L6F5QB
RJD2F3,H1P6ZQ
QM1N6S,H3K7YM
YCFFSD,Q4N7WD
H8DFG7,T2W6VN
KDPGAZ,L6F5QB
WUFK9I,Q9D4JC
5QKISV,L3V9RM
7G34BO,N1W8GH
EFR544,M2Z8LP
IVGZG1,R4H9LF
E2U8A5,L8Y2FN
MNAF7B,B6K4YH
QIYUZS,V7K1RC
DR1BWY,M7X3KP
EF155G,M2Z8LP
BC26CG,F8Q1RL
W0OHV1,X1T9WD
7XNB53,J7M3WB
W1S41O,Q4N7WD
7LGG5W,C6F1YP
7G5U0T,R4H9LF
7816CN,C4V8MK
UOON1I,H3K7YM
9WO6I6,V7K1RC
0ZZF5M,H6Y1CB
4TXQO6,J2Q5LB
9O56U4,Y8L2KM
9MX394,C7J5TA
1INS6Q,H6Y1CB
CVTAM0,H3K7YM
ZDGULI,M2Z8LP
AD40KI,M2Z8LP
CIS2R2,B6K4YH
G4J8W3,L3V9RM
MUUMQQ,D4X6KC
ZODEAO,N1W8GH
EUPQJW,P5L7QZ
7DQYKC,C4V8MK
RH07EE,M7X3KP
Z41SUT,W9R3KC
EZNCG5,B4P9HZ
OS757X,K7R2HP
JWVD5E,B4P9HZ
1O4FT6,A7K3QX
PR1RVI,Y8L2KM
1XBPTH,N1W8GH
7DFI8W,K7R2HP
47VE0Z,B6K4YH
QIYUZS,D9Y6TN
HL7AZ7,B6K4YH
2GI04V,P7C9TN
ETHP3D,N8C2QW
W0OHV1,G4H6VP
I5MM12,H1P6ZQ
NHZWI5,Q9D4JC
WTTN9T,T6R4PX
5HER8Z,M8V4RB
R6FYS9,T2W6VN
AKD0G7,D9Y6TN
QWFHZK,M2Z8LP
B59U74,W9R3KC
FRDTP4,L3V9RM
MW1OJZ,T6R4PX
GU9SKW,D7Q4VX
7G5U0T,H1P6ZQ
79EWFI,N6T3QF
1RS1ZI,B6K4YH
5CWZKW,F8Q1RL
PH68EG,J2Q5LB
YQ7ARZ,G5P8TX
C3JD3R,D7Q4VX
64KHME,W3T9NP
UFIMS3,B4P9HZ
VNH578,D4X6KC
URG89A,H6Y1CB
AM18T8,B6K4YH
WRSRDR,Q5M7TW
LGU469,Q4N7WD
E8F8J8,K7R2HP
NOYO5U,W3T9NP
B1290S,W9R3KC
FV7HXD,R9T4VN
XCMLKM,B4P9HZ
Q6VB4N,M2Z8LP
UHKEY2,P8N1XR
M2RR9P,B6K4YH
IFVH5T,N1W8GH
SXGLN9,G5P8TX
LF3TTE,J7M3WB
VI0K7Y,M7X3KP
GCHBH5,C7J5TA
NS2RCB,Y1V7DM
K4Y0UK,R4H9LF
HX02P9,D4X6KC
UERSZW,B6K4YH
YL7ZZ5,D9Y6TN
XQ56F1,T2W6VN
UQJF2Z,V2H8SN
4I3VML,X1T9WD
F6ZIYO,W9R3KC
C4PYTT,W9R3KC
2DAG9G,T6R4PX
FN1AF4,V7K1RC
BBDQ7L,K9F2MD
WPSPK5,J7M3WB
UUOIGF,R9T4VN
RHN29B,V7K1RC
DXKZ8N,J7M3WB
DZBA8Q,V2H8SN
MNAF7B,D4X6KC
MJ14XO,Y8L2KM
1UZ2AS,D7Q4VX
4ZMI99,G4H6VP
D1TFUP,Q4N7WD
4F8HHY,K9F2MD
IV3P6G,Y1V7DM
O0GGZM,L6F5QB
O2UMEH,X1T9WD
AA70S7,M8V4RB
Z99DCQ,B4P9HZ
C7PYXL,P8N1XR
YQGQ45,Q4N7WD
UULFV4,J7M3WB
8DNQSS,G5P8TX
UFIMS3,X1T9WD
8EEZS3,T1K5QW
V0POWN,K2T8MH
WTIP5U,X3N7LD
RUNZ8P,K7R2HP
Q4HGJG,V7K1RC
C9ZOGU,M2Z8LP
77FXV9,M2Z8LP
9GVOG1,C7J5TA
EV3L7G,Y1V7DM
ZEM2VH,T2W6VN
GP9GR5,V2H8SN
C3CH1A,K2T8MH
ZHHISF,P5L7QZ
4M75N6,L6F5QB
4YEZRS,L6F5QB
CPNYUO,F3M8XW
ESFE03,T6R4PX
MTMZLV,G4H6VP
5PO0ZD,T2W6VN
KD1R1X,T6R4PX
7ITX98,X3N7LD
RW6HML,C4V8MK
IDRNO7,A7K3QX
3G5XA3,Q4N7WD
47VE0Z,R1W7XD
XSK2MD,D7Q4VX
DFR0FK,W9R3KC
8JT15T,N6T3QF
P2TJ9E,K2T8MH
Z5JSPZ,T2W6VN
0SOP2R,P5L7QZ
6JQQMJ,K7R2HP
TU6IFE,P5L7QZ
4YBR02,V2H8SN
0NYT7T,R1W7XD
IXSJI7,X8P2KF
1S2GQK,B4P9HZ
F0UHDU,M8V4RB
7U5PX8,L8Y2FN
KD1R1X,Y1V7DM
QE57OZ,P7C9TN
CYQO4X,W3T9NP
KUZBNQ,X3N7LD
50XID8,C4V8MK
8CUEM3,V2H8SN
APU0HG,V2H8SN
TCX5VV,T6R4PX
4OT190,G4H6VP
6389EY,W9R3KC
3LQFW6,D9Y6TN
B0V2JV,N6T3QF
ZW23U0,M2Z8LP
BJ6CW0,F8Q1RL
SEGKXS,Q9D4JC
ETHP3D,Q9D4JC
0H08HI,R4H9LF
HM01C2,X3N7LD
8H2RPR,C6F1YP
R1HIQW,F3M8XW
88ZAKG,B6K4YH
BBDQ7L,G4H6VP
3C36L6,H1P6ZQ
LC4QBL,C6F1YP
U8KFVL,P8N1XR
122YA9,N8C2QW
2J77PN,W3T9NP
B3AXRC,N6T3QF
Q49G1Y,K2T8MH
V0YY68,N8C2QW
1337TF,V2H8SN
SWNC2L,D4X6KC
HZ1BNJ,V7K1RC
NKIJDD,D4X6KC
KJLXMS,Y8L2KM
6LCMTP,M2Z8LP
HOYIDE,L8Y2FN
WIDI4O,T2W6VN
4TCUKF,M8V4RB
J23Q53,K7R2HP
SP70V2,P7C9TN
48UL9X,G5P8TX
XBY6LC,R1W7XD
1SX5QV,B6K4YH
4ZKRXV,H1P6ZQ
F3IEH2,R9T4VN
4IEL2G,H1P6ZQ
NOFPG5,F3M8XW
5P1118,G4H6VP
F39VZE,Q4N7WD
V0POWN,L6F5QB
V0KN1R,P8N1XR
RPDDWI,P7C9TN
4LQNNI,G5P8TX
3D1FLO,Q4N7WD
NBNTV0,P8N1XR
FSDTH3,W3T9NP
PYERTD,C7J5TA
YYQ8H1,L8Y2FN
YUNXWI,X1T9WD
P06ELT,Y8L2KM
RBGG30,B4P9HZ
UZJUWT,N8C2QW
QYISKE,B6K4YH
BH8V1L,T1K5QW
96EPK6,H1P6ZQ
WBAVO4,R9T4VN
1QXQJQ,P5L7QZ
JR8JV7,F3M8XW
6A85BN,C4V8MK
2SFYLF,C6F1YP
3PKHP7,Q4N7WD
MUUNL2,Q5M7TW
4OT190,Q9D4JC
USR3UL,T2W6VN
9U1PHX,Q9D4JC
GFFNYU,J2Q5LB
3XRY4B,M2Z8LP
AJ0D89,X8P2KF
7FYTA8,T1K5QW
M5HS2T,M8V4RB
HP6P1X,J2Q5LB
ZXKGVW,L3V9RM
KEK2CK,M7X3KP
D2HUK7,M2Z8LP
479MTP,X3N7LD
YEZD6C,Q9D4JC
7TGWYL,W9R3KC
RPKZJK,P8N1XR
FYJMVS,D4X6KC
54UDNB,X3N7LD
SG59QU,V7K1RC
VQ85UU,P8N1XR
3LM8KI,J7M3WB
I08HW8,C6F1YP
ZBLGL3,M8V4RB
ZEM2VH,N8C2QW
43ZCIY,X8P2KF
A4SQL6,C4V8MK
BEIX4H,X1T9WD
VG2QAJ,Y8L2KM
6TG9WB,N8C2QW
RB7EOY,N6T3QF
ZVW2W6,B4P9HZ
N33LWK,W3T9NP
CR0RKG,P7C9TN
N33LWK,X3N7LD
OPIS9X,H1P6ZQ
7Z9H35,T2W6VN
HANTF5,A7K3QX
5H9Z8O,C4V8MK
7YO6X2,Q5M7TW
760AGH,H6Y1CB
37I1AF,D9Y6TN
I42SRQ,P8N1XR
NJ2IL4,G5P8TX
QYISKE,D9Y6TN
HLHXYZ,K2T8MH
ULLJUJ,L6F5QB
IFVH5T,R4H9LF
KIC7C2,K2T8MH
8S3911,W9R3KC
TMY3UN,W9R3KC
NDJLGW,K2T8MH
8PNZZU,A7K3QX
IF6T2F,H6Y1CB
LD6SFS,A7K3QX
ESFE03,F3M8XW
C3JV1H,P7C9TN
80BBE5,M8V4RB
TZ9U3V,X3N7LD
0QEFFE,F8Q1RL
C73X1I,D4X6KC
TKUMKQ,Y1V7DM
KFQCA5,C4V8MK
KWCQ1C,M8V4RB
94CQHP,W3T9NP
8GEU5P,B4P9HZ
8M1UD4,P8N1XR
8BFHRN,R9T4VN
PYTPAG,X3N7LD
FMIFYG,Y1V7DM
UB4BII,C4V8MK
7JZ3P6,C6F1YP
FDPMI9,M8V4RB
6SV0Z9,X1T9WD
RX7KJP,D4X6KC
0UN1L3,C4V8MK
WTTN9T,X1T9WD
ZJ3KFT,K2T8MH
2O5AIU,Q4N7WD
VV8MNI,K2T8MH
D315ZL,T2W6VN
H6XU6P,W9R3KC
THBPCV,V7K1RC
7K3GSA,Q4N7WD
NBBHXP,N1W8GH
QJL275,P5L7QZ
9MCOM8,G4H6VP
YJHKVO,Y8L2KM
EVFQI1,Q5M7TW
ABCH8O,C6F1YP
HRTZLU,V2H8SN
B5R91E,M2Z8LP
AJ11I5,L3V9RM
6H1OYP,J7M3WB
QT6457,B6K4YH
L476E3,X3N7LD
8VL3KN,K2T8MH
WQM1XM,V7K1RC
98ITYU,Q4N7WD
ZLDRD2,N1W8GH
G5GOAC,D4X6KC
CWK3OC,P7C9TN
XYIQ3W,X1T9WD
CAFKJR,C4V8MK
UWJQJZ,G4H6VP
HTTE9C,C7J5TA
Q8U9E3,N6T3QF
LKYLYZ,V7K1RC
M90UME,B6K4YH
HZ1BNJ,B6K4YH
39LP0R,N6T3QF
RHC6KI,G4H6VP
H9SQ51,N6T3QF
FGEXRF,Q5M7TW
1Y1QJA,G4H6VP
MTN25N,N1W8GH
YIU6AN,T2W6VN
3IHWXK,Q9D4JC
KHG8AN,V2H8SN
61KVS3,A7K3QX
KDPGAZ,C7J5TA
9VH874,Q4N7WD
2GI04V,Y1V7DM
6BAB8V,Q5M7TW
BMDPK3,R4H9LF
U6E1MK,M2Z8LP
G02Q60,P5L7QZ
RUNZ8P,M8V4RB
A4AAFQ,Y1V7DM
CDLOMX,X8P2KF
7FYTA8,G5P8TX
F39VZE,B4P9HZ
864QBE,M2Z8LP
NHZWI5,X8P2KF
ABND7Y,Y8L2KM
ETYNLA,D4X6KC
W88D35,B4P9HZ
IUFXDF,T1K5QW
A5WE5C,H3K7YM
B3JXF9,D9Y6TN
LTTAZ3,P8N1XR
VVOGWB,R4H9LF
152CXH,J2Q5LB
QPN9GM,H3K7YM
VT2ZFL,T6R4PX
W88D35,T6R4PX
8N0IV5,H1P6ZQ
PGG6M9,C7J5TA
V0PHHR,K9F2MD
54BJM6,A7K3QX
BJM7KO,T6R4PX
YCBQW5,R1W7XD
DWJHCS,T2W6VN
TU69OC,B6K4YH
